"6667","cupiditate","79788361"
"6668","nesciunt","90081446"
"6669","totam","59167910"
"6670","atque","42397806"
"6671","ipsa","32273265"
"6672","quae","93734260"
"6673","similique","79707724"
"6674","fuga","40575435"
"6675","cumque","45601890"
"6676","repudiandae","08666586"
"6677","unde","85095920"
"6678","veritatis","68042563"
"6679","corporis","93877936"
"6680","cupiditate","14503823"
"6681","dolores","56641746"
"6682","sed","23960116"
"6683","commodi","69241959"
"6684","deserunt","46253170"
"6685","nobis","33928441"
"6686","illum","85196119"
"6687","quod","39007242"
"6688","veniam","59158346"
"6689","incidunt","58696666"
"6690","alias","31151779"
"6691","incidunt","70434445"
"6692","minus","74868624"
"6693","ipsa","69174393"
"6694","error","40962286"
"6695","officiis","81639699"
"6696","error","52344256"
"6697","dolore","23472932"
"6698","adipisci","76946132"
"6699","accusantium","44347216"
"6700","corporis","62533987"
"6701","laboriosam","82825478"
"6702","nemo","67424277"
"6703","molestiae","59727141"
"6704","repellendus","79808919"
"6705","assumenda","82247036"
"6706","expedita","89292126"
"6707","tempore","36196273"
"6708","dolores","84973216"
"6709","ex","71941524"
"6710","consectetur","12711769"
"6711","nostrum","28217596"
"6712","nam","99152384"
"6713","modi","21856833"
"6714","aliquam","22438619"
"6715","fugit","29289172"
"6716","expedita","80680111"
"6717","rerum","08469035"
"6718","explicabo","07784592"
"6719","eius","31842669"
"6720","nobis","06592258"
"6721","fugiat","94044862"
"6722","optio","44166523"
"6723","expedita","18005055"
"6724","possimus","73373150"
"6725","eveniet","39341913"
"6726","voluptas","49960278"
"6727","voluptatibus","03473012"
"6728","modi","52543632"
"6729","in","00559968"
"6730","ab","35785301"
"6731","adipisci","22288297"
"6732","autem","18966956"
"6733","dicta","50254514"
"6734","provident","36392921"
"6735","molestiae","26329075"
"6736","nesciunt","46515378"
"6737","odio","26651435"
"6738","nihil","51315815"
"6739","veniam","86769382"
"6740","quod","16151780"
"6741","sint","36994667"
"6742","nostrum","24349963"
"6743","officiis","93030445"
"6744","fuga","97887754"
"6745","ipsum","09661785"
"6746","aperiam","02255452"
"6747","adipisci","26095590"
"6748","excepturi","65583904"
"6749","accusantium","67111747"
"6750","accusantium","66926725"
"6751","animi","17672585"
"6752","aspernatur","90877393"
"6753","vel","07759570"
"6754","veritatis","79331329"
"6755","odio","17067443"
"6756","nemo","25733389"
"6757","ratione","25835850"
"6758","cumque","06756737"
"6759","a","20212887"
"6760","repudiandae","58916863"
"6761","sunt","97487838"
"6762","explicabo","72735054"
"6763","sequi","07757218"
"6764","quidem","60187379"
"6765","et","57753478"
"6766","maiores","89984807"
"6767","laudantium","91259178"
"6768","dignissimos","12135353"
"6769","doloremque","35438645"
"6770","laborum","38666648"
"6771","nesciunt","40365618"
"6772","asperiores","95629710"
"6773","sed","23249217"
"6774","eaque","86574620"
"6775","aperiam","52424165"
"6776","suscipit","76388787"
"6777","minima","10798900"
"6778","a","88525324"
"6779","ducimus","63193929"
"6780","non","22400483"
"6781","accusamus","44133591"
"6782","similique","00211352"
"6783","consequatur","12678677"
"6784","dicta","46047215"
"6785","dicta","96636417"
"6786","officia","65823512"
"6787","quibusdam","20549911"
"6788","sapiente","45203544"
"6789","quibusdam","78163547"
"6790","dignissimos","78677580"
"6791","alias","54644129"
"6792","voluptates","60133246"
"6793","laboriosam","31356530"
"6794","adipisci","79040785"
"6795","omnis","13182045"
"6796","enim","07429503"
"6797","eaque","39772694"
"6798","reprehenderit","09451411"
"6799","tempora","34674092"
"6800","laborum","94332219"
"6801","commodi","06477427"
"6802","odit","88725611"
"6803","tempora","48207449"
"6804","iste","11341964"
"6805","quas","22602965"
"6806","maiores","99867125"
"6807","facilis","97312136"
"6808","est","42565448"
"6809","rem","94880682"
"6810","dolorum","99255481"
"6811","quasi","55979765"
"6812","ipsa","92680512"
"6813","fugit","07257691"
"6814","maiores","20651214"
"6815","exercitationem","34335962"
"6816","rem","74514152"
"6817","in","04139870"
"6818","incidunt","18787279"
"6819","accusamus","51283564"
"6820","architecto","66292970"
"6821","doloremque","30709471"
"6822","atque","90754960"
"6823","dolorum","81572721"
"6824","iusto","77698602"
"6825","voluptate","87599656"
"6826","provident","95590202"
"6827","illum","72403903"
"6828","repellendus","89377065"
"6829","atque","14597400"
"6830","magni","24002844"
"6831","saepe","18557808"
"6832","unde","42854685"
"6833","suscipit","63393037"
"6834","at","64652233"
"6835","consequuntur","83389981"
"6836","unde","80803573"
"6837","odio","60682620"
"6838","aut","12672400"
"6839","dolor","53388055"
"6840","consectetur","51359583"
"6841","cum","14024750"
"6842","quia","72785255"
"6843","minus","54887681"
"6844","facilis","28519745"
"6845","a","00440686"
"6846","tempora","55520132"
"6847","deserunt","77831772"
"6848","aliquam","20486177"
"6849","sapiente","34636138"
"6850","veniam","13585410"
"6851","ipsam","38449271"
"6852","quasi","45971253"
"6853","minima","57148968"
"6854","possimus","10323083"
"6855","accusamus","04531305"
"6856","culpa","64050358"
"6857","ea","26051773"
"6858","necessitatibus","78765577"
"6859","commodi","10832374"
"6860","quidem","95645060"
"6861","est","81121247"
"6862","illum","38814161"
"6863","repellat","51063980"
"6864","corrupti","50469793"
"6865","nulla","38942851"
"6866","nemo","76969012"
"6867","natus","73753048"
"6868","mollitia","48804044"
"6869","ea","29395856"
"6870","eius","33572728"
"6871","rem","19036620"
"6872","nam","11664977"
"6873","voluptatibus","01603854"
"6874","sapiente","15380398"
"6875","incidunt","89006678"
"6876","sed","86833777"
"6877","labore","97990305"
"6878","laudantium","23617358"
"6879","sunt","81640672"
"6880","ratione","79753451"
"6881","accusamus","95850355"
"6882","modi","44892127"
"6883","rem","65368325"
"6884","labore","09336319"
"6885","et","93739992"
"6886","repellendus","32241505"
"6887","eaque","43928945"
"6888","voluptas","67848226"
"6889","harum","00202275"
"6890","libero","36352713"
"6891","cumque","86854736"
"6892","id","37738220"
"6893","molestiae","83386602"
"6894","voluptatem","07171706"
"6895","quam","12275927"
"6896","mollitia","55351266"
"6897","vero","08875736"
"6898","atque","23503762"
"6899","alias","57926197"
"6900","molestiae","51664305"
"6901","quod","96330241"
"6902","dolorum","45315547"
"6903","occaecati","34205580"
"6904","inventore","56389887"
"6905","alias","00595239"
"6906","tempore","94744905"
"6907","quasi","91837852"
"6908","similique","11625127"
"6909","magnam","00766184"
"6910","earum","67086030"
"6911","rerum","45978520"
"6912","itaque","17498264"
"6913","officiis","08751075"
"6914","quasi","79969355"
"6915","ea","37514205"
"6916","sit","70181303"
"6917","voluptatum","35509455"
"6918","delectus","77268832"
"6919","sequi","52429229"
"6920","architecto","16236875"
"6921","soluta","20022508"
"6922","animi","26276449"
"6923","quod","43614663"
"6924","debitis","08400709"
"6925","architecto","41450454"
"6926","illum","94604662"
"6927","esse","49222750"
"6928","quod","28996485"
"6929","fugit","75791457"
"6930","laboriosam","12826819"
"6931","modi","84895802"
"6932","quam","63416998"
"6933","sint","08088736"
"6934","officia","06261409"
"6935","laudantium","61521330"
"6936","iste","47075527"
"6937","culpa","96539574"
"6938","quod","01634507"
"6939","voluptas","04021146"
"6940","distinctio","21609020"
"6941","incidunt","96416006"
"6942","veritatis","76923200"
"6943","quisquam","78540836"
"6944","reiciendis","48041391"
"6945","et","92859101"
"6946","beatae","76111791"
"6947","rem","14485936"
"6948","iste","34651229"
"6949","aliquid","88663868"
"6950","impedit","45188159"
"6951","voluptates","78616844"
"6952","ea","81500524"
"6953","aperiam","72422560"
"6954","perferendis","38795854"
"6955","rem","72087494"
"6956","exercitationem","04578548"
"6957","placeat","42634647"
"6958","tempora","93034343"
"6959","quod","97508008"
"6960","fugiat","42748167"
"6961","officia","08548939"
"6962","doloribus","83927982"
"6963","in","69574589"
"6964","tenetur","78954743"
"6965","error","42281045"
"6966","delectus","02856007"
"6967","nostrum","85591801"
"6968","ipsa","61423919"
"6969","laborum","86338115"
"6970","consectetur","64840473"
"6971","nulla","78549178"
"6972","blanditiis","77019698"
"6973","fugiat","60691094"
"6974","ut","91477410"
"6975","illo","48474288"
"6976","dolorum","23191933"
"6977","blanditiis","33647832"
"6978","ea","12813209"
"6979","fugiat","23932551"
"6980","earum","85522114"
"6981","deserunt","35001962"
"6982","dolorum","35755255"
"6983","velit","36873990"
"6984","occaecati","95971073"
"6985","aut","52648715"
"6986","molestiae","76944528"
"6987","impedit","92724841"
"6988","incidunt","44050739"
"6989","impedit","26151738"
"6990","totam","42117635"
"6991","aut","21606950"
"6992","architecto","89535937"
"6993","facere","00783113"
"6994","dolorum","42115467"
"6995","natus","76829796"
"6996","dicta","20176945"
"6997","similique","22042225"
"6998","iste","24087208"
"6999","reiciendis","47023554"
"7000","minima","95135137"
"7001","cupiditate","57743483"
"7002","aut","33374994"
"7003","rerum","79960520"
"7004","vel","37885169"
"7005","dolorem","08947448"
"7006","saepe","66761181"
"7007","ducimus","23316925"
"7008","repellat","33228434"
"7009","quo","49137445"
"7010","perspiciatis","65243975"
"7011","excepturi","18501700"
"7012","recusandae","98456084"
"7013","mollitia","11318069"
"7014","impedit","97818687"
"7015","iste","56965039"
"7016","culpa","69906931"
"7017","voluptates","25583164"
"7018","officia","28370994"
"7019","ea","97514482"
"7020","omnis","46857227"
"7021","dignissimos","98196464"
"7022","blanditiis","29424414"
"7023","suscipit","33583063"
"7024","delectus","37201834"
"7025","cum","89264929"
"7026","libero","05481747"
"7027","laboriosam","96160316"
"7028","nam","47254995"
"7029","ex","96792372"
"7030","dicta","50431533"
"7031","facilis","90487116"
"7032","corrupti","02828455"
"7033","exercitationem","31401213"
"7034","delectus","89097540"
"7035","necessitatibus","07360289"
"7036","sunt","86298534"
"7037","optio","83093935"
"7038","illum","98514353"
"7039","quaerat","67454807"
"7040","itaque","09925340"
"7041","reprehenderit","61661822"
"7042","pariatur","02976305"
"7043","dignissimos","13385831"
"7044","ut","43652487"
"7045","molestias","71456776"
"7046","ullam","76839101"
"7047","quod","23434654"
"7048","earum","36998848"
"7049","libero","50483739"
"7050","voluptatem","92672696"
"7051","esse","75402203"
"7052","sequi","35429768"
"7053","harum","12549400"
"7054","dicta","07715592"
"7055","mollitia","62295569"
"7056","neque","34290864"
"7057","vero","28762784"
"7058","dolor","41365513"
"7059","mollitia","08279626"
"7060","totam","93971751"
"7061","tenetur","24498038"
"7062","natus","75902190"
"7063","enim","81300681"
"7064","accusamus","50100597"
"7065","dicta","57581341"
"7066","commodi","58525878"
"7067","quis","51817758"
"7068","animi","19267270"
"7069","ea","13484656"
"7070","inventore","31224151"
"7071","quibusdam","24371698"
"7072","natus","40304628"
"7073","consectetur","10624446"
"7074","saepe","99026617"
"7075","nisi","70712823"
"7076","dolorum","92663664"
"7077","corrupti","14055644"
"7078","laudantium","55397214"
"7079","totam","90829506"
"7080","necessitatibus","11928692"
"7081","dolore","71230413"
"7082","consectetur","82217895"
"7083","eum","72503729"
"7084","quasi","71560260"
"7085","totam","59897865"
"7086","cupiditate","77451502"
"7087","quo","04515669"
"7088","quam","04305983"
"7089","asperiores","21478585"
"7090","nulla","46224209"
"7091","illum","89332673"
"7092","voluptatem","38176494"
"7093","laboriosam","63162158"
"7094","incidunt","12119485"
"7095","aut","71315936"
"7096","repellat","02566003"
"7097","necessitatibus","62108136"
"7098","odio","64886514"
"7099","quaerat","65327013"
"7100","libero","33469713"
"7101","dolore","83758578"
"7102","pariatur","30112649"
"7103","doloribus","22852801"
"7104","officiis","50314938"
"7105","aliquid","64810663"
"7106","numquam","67627378"
"7107","ab","74664702"
"7108","enim","31966030"
"7109","commodi","60289834"
"7110","itaque","04372254"
"7111","quibusdam","97267171"
"7112","animi","16138963"
"7113","quia","95178179"
"7114","cupiditate","06771762"
"7115","possimus","33011294"
"7116","voluptas","36270389"
"7117","est","44218573"
"7118","voluptas","41553275"
"7119","excepturi","07532768"
"7120","omnis","37391976"
"7121","suscipit","69251809"
"7122","ex","97694283"
"7123","dolore","66954997"
"7124","deserunt","26670702"
"7125","vero","54644215"
"7126","excepturi","02748409"
"7127","voluptatem","32690289"
"7128","praesentium","22288817"
"7129","mollitia","08801301"
"7130","eaque","52600257"
"7131","necessitatibus","63938925"
"7132","debitis","62315802"
"7133","cupiditate","87573711"
"7134","necessitatibus","59216994"
"7135","saepe","14275763"
"7136","eum","13257466"
"7137","laboriosam","50635513"
"7138","minus","30832533"
"7139","doloremque","91949899"
"7140","temporibus","97977324"
"7141","veniam","77775590"
"7142","cumque","86829006"
"7143","delectus","62941701"
"7144","itaque","77200909"
"7145","nisi","57085922"
"7146","laborum","20308513"
"7147","commodi","57743026"
"7148","quam","04645486"
"7149","quisquam","36187504"
"7150","error","78244121"
"7151","illo","20664528"
"7152","omnis","22595873"
"7153","officiis","68611978"
"7154","laborum","50435649"
"7155","quisquam","89785692"
"7156","sequi","50619248"
"7157","delectus","91787319"
"7158","sit","29292501"
"7159","accusamus","75271095"
"7160","odio","25556544"
"7161","incidunt","00758896"
"7162","veritatis","57980909"
"7163","suscipit","38203176"
"7164","eveniet","99954862"
"7165","doloribus","88996001"
"7166","excepturi","37707873"
"7167","odio","22333487"
"7168","mollitia","71071709"
"7169","animi","35655790"
"7170","maiores","29935110"
"7171","fuga","85520858"
"7172","dolor","54296435"
"7173","accusamus","49857898"
"7174","fuga","54430755"
"7175","harum","42187484"
"7176","amet","11861843"
"7177","debitis","19761788"
"7178","quos","98356397"
"7179","fugiat","70062507"
"7180","similique","12955376"
"7181","minus","40705931"
"7182","reprehenderit","51499066"
"7183","vitae","65828412"
"7184","quasi","67312712"
"7185","debitis","44909242"
"7186","sapiente","46213013"
"7187","harum","96389137"
"7188","harum","18822105"
"7189","soluta","26325146"
"7190","modi","23825356"
"7191","minima","21745514"
"7192","pariatur","84753113"
"7193","odit","25755682"
"7194","iure","13191997"
"7195","earum","41291700"
"7196","itaque","11105624"
"7197","ipsam","16881513"
"7198","laborum","16648607"
"7199","iure","01826956"
"7200","atque","42258188"
"7201","alias","78429293"
"7202","cumque","26644330"
"7203","culpa","92450048"
"7204","vel","64671078"
"7205","necessitatibus","31472551"
"7206","exercitationem","96376566"
"7207","doloremque","53853408"
"7208","molestias","55757695"
"7209","voluptas","22944721"
"7210","et","44496787"
"7211","optio","67334050"
"7212","vel","01075644"
"7213","suscipit","19820078"
"7214","harum","35660353"
"7215","ducimus","34903199"
"7216","minus","43604372"
"7217","repudiandae","79333216"
"7218","earum","49433734"
"7219","suscipit","24255491"
"7220","optio","71538565"
"7221","distinctio","71440816"
"7222","saepe","15496236"
"7223","officiis","65309829"
"7224","maiores","76294850"
"7225","aspernatur","18877769"
"7226","veniam","74051252"
"7227","id","21902999"
"7228","exercitationem","50678561"
"7229","deleniti","59711031"
"7230","consectetur","09025272"
"7231","ipsam","44304073"
"7232","neque","98043622"
"7233","eaque","68611189"
"7234","commodi","78235609"
"7235","harum","70982020"
"7236","voluptates","50869999"
"7237","culpa","92754792"
"7238","rem","78556425"
"7239","maxime","99043007"
"7240","eum","33345539"
"7241","non","37881933"
"7242","iusto","52532833"
"7243","quas","08855259"
"7244","inventore","64029250"
"7245","ipsa","30321487"
"7246","dolor","13894405"
"7247","molestias","05179448"
"7248","fugiat","65552259"
"7249","sunt","00728234"
"7250","culpa","83888082"
"7251","doloribus","57665762"
"7252","ex","97089806"
"7253","necessitatibus","89915711"
"7254","corporis","81611351"
"7255","laboriosam","39400915"
"7256","itaque","29015476"
"7257","assumenda","45677594"
"7258","veniam","69806292"
"7259","fugiat","93665955"
"7260","quibusdam","03788534"
"7261","sed","23909779"
"7262","tenetur","46543640"
"7263","facilis","11001714"
"7264","soluta","23407979"
"7265","tenetur","03219339"
"7266","saepe","48817655"
"7267","sint","33243735"
"7268","rem","88959953"
"7269","explicabo","76949242"
"7270","quo","72280051"
"7271","fuga","20433096"
"7272","dolorem","28582341"
"7273","iusto","17289719"
"7274","asperiores","86759972"
"7275","qui","88004963"
"7276","reiciendis","79351348"
"7277","laborum","13402427"
"7278","voluptates","31943311"
"7279","assumenda","87641380"
"7280","at","97297268"
"7281","a","67117168"
"7282","deserunt","39963333"
"7283","praesentium","97446563"
"7284","minus","58860660"
"7285","et","85425892"
"7286","pariatur","23823357"
"7287","omnis","85709989"
"7288","error","57955909"
"7289","laborum","27092551"
"7290","incidunt","40735671"
"7291","a","71913675"
"7292","modi","73907261"
"7293","animi","38702511"
"7294","sint","54112139"
"7295","error","16902257"
"7296","tempora","77656425"
"7297","ratione","21544606"
"7298","quia","23815839"
"7299","facilis","35881094"
"7300","dicta","89868669"
"7301","magnam","76416948"
"7302","quas","93349436"
"7303","facilis","49368717"
"7304","ab","56578142"
"7305","numquam","62499398"
"7306","assumenda","63960986"
"7307","eligendi","58486079"
"7308","adipisci","20362559"
"7309","harum","99612624"
"7310","blanditiis","71026307"
"7311","placeat","17026622"
"7312","reiciendis","92840162"
"7313","facere","47599593"
"7314","rem","60580477"
"7315","vel","91875061"
"7316","temporibus","41453076"
"7317","atque","39283519"
"7318","consequuntur","06697940"
"7319","est","74152770"
"7320","reprehenderit","81905779"
"7321","fugit","16704603"
"7322","doloremque","54645452"
"7323","perspiciatis","89975121"
"7324","odio","55059609"
"7325","alias","01860020"
"7326","perspiciatis","25542216"
"7327","accusantium","45898880"
"7328","et","35179434"
"7329","dolorum","06428102"
"7330","occaecati","76005932"
"7331","dicta","03022584"
"7332","officia","71410894"
"7333","quisquam","10596482"
"7334","quae","29282065"
"7335","iusto","58227406"
"7336","error","85648819"
"7337","libero","13181410"
"7338","enim","75360761"
"7339","sed","82936137"
"7340","neque","41333421"
"7341","consequatur","32785502"
"7342","perspiciatis","27408680"
"7343","impedit","29905839"
"7344","expedita","70284145"
"7345","consectetur","21600923"
"7346","expedita","83788222"
"7347","tempora","96331360"
"7348","praesentium","26050926"
"7349","cumque","13957947"
"7350","repellendus","91983877"
"7351","veniam","52468898"
"7352","vel","47837307"
"7353","harum","57057861"
"7354","perspiciatis","20609828"
"7355","adipisci","69747324"
"7356","ducimus","09068349"
"7357","omnis","06778277"
"7358","tenetur","29321166"
"7359","ad","26508377"
"7360","consequatur","65810321"
"7361","at","21551204"
"7362","assumenda","13984872"
"7363","quisquam","89135514"
"7364","nulla","32192570"
"7365","error","08049636"
"7366","in","81714510"
"7367","cum","58275278"
"7368","id","53238605"
"7369","ut","56425831"
"7370","dignissimos","44349211"
"7371","iste","28548857"
"7372","maxime","55024841"
"7373","maxime","91060385"
"7374","corporis","29818155"
"7375","veniam","63608896"
"7376","praesentium","51689318"
"7377","temporibus","18933534"
"7378","impedit","53932455"
"7379","hic","37013722"
"7380","omnis","41642054"
"7381","natus","73191440"
"7382","provident","91428235"
"7383","facilis","83020146"
"7384","est","57352386"
"7385","ullam","41977898"
"7386","facilis","91788008"
"7387","velit","80911543"
"7388","repellat","43562829"
"7389","debitis","06585996"
"7390","molestiae","04800092"
"7391","quisquam","85382784"
"7392","rem","70215272"
"7393","et","89052628"
"7394","molestiae","57844594"
"7395","accusantium","99178702"
"7396","ducimus","00747448"
"7397","distinctio","14940683"
"7398","nulla","30725408"
"7399","commodi","80140128"
"7400","sunt","70029299"
"7401","tempora","82965991"
"7402","explicabo","58903591"
"7403","adipisci","31619818"
"7404","eligendi","74178348"
"7405","totam","28229749"
"7406","beatae","01454813"
"7407","mollitia","27777534"
"7408","in","69340853"
"7409","iure","74700239"
"7410","aperiam","41216118"
"7411","sint","12987287"
"7412","sed","84987061"
"7413","doloribus","50583372"
"7414","sunt","70239960"
"7415","maxime","55300013"
"7416","doloribus","04670034"
"7417","necessitatibus","76989500"
"7418","cumque","94826481"
"7419","voluptatibus","54196624"
"7420","earum","56407357"
"7421","eaque","49954110"
"7422","eius","10702204"
"7423","sunt","62229253"
"7424","omnis","65723960"
"7425","necessitatibus","31552097"
"7426","maiores","67805349"
"7427","excepturi","58625509"
"7428","esse","95746824"
"7429","eveniet","87713945"
"7430","facilis","95324740"
"7431","illum","58344969"
"7432","perspiciatis","75048177"
"7433","quos","28951859"
"7434","praesentium","72347591"
"7435","quibusdam","58613104"
"7436","laboriosam","87069551"
"7437","excepturi","95931362"
"7438","nemo","78259157"
"7439","amet","52174868"
"7440","reiciendis","68737644"
"7441","debitis","56507257"
"7442","ex","58747714"
"7443","deleniti","19944838"
"7444","magni","70939580"
"7445","aliquid","06888052"
"7446","minima","91561294"
"7447","eum","19787216"
"7448","iure","04055400"
"7449","assumenda","70591240"
"7450","iste","20724254"
"7451","facilis","45093637"
"7452","doloremque","03058265"
"7453","ipsa","55293063"
"7454","unde","56374810"
"7455","maxime","71685906"
"7456","velit","09604942"
"7457","qui","06618411"
"7458","cumque","45402394"
"7459","vel","77576001"
"7460","exercitationem","29518358"
"7461","porro","90225694"
"7462","nemo","65785149"
"7463","vel","43118536"
"7464","nulla","36928895"
"7465","quas","49611592"
"7466","voluptate","96986381"
"7467","alias","63702976"
"7468","minima","90114082"
"7469","ducimus","68693771"
"7470","iusto","26480017"
"7471","eos","11096641"
"7472","perferendis","08998450"
"7473","deserunt","87058108"
"7474","sint","58951983"
"7475","ipsam","37746202"
"7476","enim","90431639"
"7477","ipsa","33475932"
"7478","at","27732054"
"7479","similique","09178050"
"7480","culpa","21796912"
"7481","sequi","78544143"
"7482","quas","54856558"
"7483","voluptas","95018792"
"7484","quas","05629757"
"7485","voluptatem","18274375"
"7486","cupiditate","89108387"
"7487","nobis","33876210"
"7488","beatae","41410107"
"7489","repellendus","29831621"
"7490","totam","17460414"
"7491","excepturi","90139891"
"7492","sunt","67276673"
"7493","beatae","19503943"
"7494","libero","60747178"
"7495","vitae","44251154"
"7496","expedita","49748603"
"7497","nobis","95932731"
"7498","et","38974824"
"7499","dolore","26318328"
"7500","numquam","45995052"
"7501","sed","91483614"
"7502","beatae","20506685"
"7503","error","14820049"
"7504","fugit","62366398"
"7505","mollitia","15413197"
"7506","vel","67982812"
"7507","vitae","14415326"
"7508","est","14150508"
"7509","excepturi","11819729"
"7510","ex","83652740"
"7511","inventore","06474937"
"7512","sunt","46126328"
"7513","fugiat","37480172"
"7514","minus","94168416"
"7515","eos","79383802"
"7516","autem","05420321"
"7517","ad","04230685"
"7518","omnis","70491013"
"7519","et","51002109"
"7520","harum","26457243"
"7521","blanditiis","39620701"
"7522","modi","53563714"
"7523","porro","49621316"
"7524","temporibus","11100498"
"7525","repellat","35537813"
"7526","fugit","82622320"
"7527","corporis","41355611"
"7528","aperiam","13279655"
"7529","recusandae","04745142"
"7530","vitae","97242122"
"7531","temporibus","96655186"
"7532","molestias","66859904"
"7533","veniam","36363402"
"7534","quo","82999225"
"7535","fugiat","19657911"
"7536","impedit","28543925"
"7537","commodi","17257392"
"7538","necessitatibus","71027338"
"7539","mollitia","70461018"
"7540","facere","11772171"
"7541","beatae","76172841"
"7542","alias","57994804"
"7543","illo","46148788"
"7544","et","32865400"
"7545","tempore","53775400"
"7546","eaque","09242895"
"7547","aliquam","62465800"
"7548","earum","15691659"
"7549","veniam","39932507"
"7550","consequatur","13746631"
"7551","dolor","74956805"
"7552","maxime","00607204"
"7553","eveniet","48909170"
"7554","provident","73955526"
"7555","quibusdam","66066280"
"7556","animi","79619504"
"7557","vero","09495800"
"7558","ullam","21705873"
"7559","sed","62047623"
"7560","eius","43479723"
"7561","officia","29639161"
"7562","non","26961582"
"7563","cum","97869959"
"7564","blanditiis","32005730"
"7565","hic","60640248"
"7566","repudiandae","44204675"
"7567","fugit","17759841"
"7568","repellat","78209117"
"7569","tempore","43220883"
"7570","sunt","11609009"
"7571","ex","32201112"
"7572","natus","71928431"
"7573","ut","99426543"
"7574","tempora","71607197"
"7575","ex","74148737"
"7576","quam","91175525"
"7577","nam","88770097"
"7578","incidunt","98732043"
"7579","numquam","98787125"
"7580","sequi","36853940"
"7581","quaerat","98724652"
"7582","doloribus","96513307"
"7583","sit","20066317"
"7584","blanditiis","12265346"
"7585","a","36990926"
"7586","laborum","73835889"
"7587","ad","64222572"
"7588","asperiores","40749354"
"7589","molestiae","00212693"
"7590","laborum","45213312"
"7591","mollitia","33657883"
"7592","repudiandae","70926320"
"7593","suscipit","70068735"
"7594","enim","52868286"
"7595","at","55996096"
"7596","id","62945581"
"7597","neque","00183164"
"7598","odio","16424001"
"7599","labore","82946411"
"7600","quo","18966501"
"7601","veniam","21498832"
"7602","saepe","15904347"
"7603","impedit","30217665"
"7604","corrupti","61287554"
"7605","assumenda","24925518"
"7606","sit","27298945"
"7607","ut","67707066"
"7608","nihil","73165527"
"7609","voluptas","07055759"
"7610","dicta","60175376"
"7611","ipsum","48224487"
"7612","ipsum","76433017"
"7613","occaecati","83228136"
"7614","cumque","62149418"
"7615","similique","26352000"
"7616","quae","49824479"
"7617","impedit","13485999"
"7618","molestias","78489244"
"7619","sapiente","84857353"
"7620","eaque","83463025"
"7621","a","66652845"
"7622","fugiat","84020491"
"7623","nulla","61695695"
"7624","iste","26255646"
"7625","aperiam","51422682"
"7626","facilis","01572794"
"7627","veniam","82211837"
"7628","reiciendis","38478221"
"7629","tempora","75924699"
"7630","praesentium","94929676"
"7631","quis","83444766"
"7632","libero","32222812"
"7633","dolores","51471172"
"7634","expedita","96599040"
"7635","incidunt","73381603"
"7636","ipsum","49516063"
"7637","quisquam","25223702"
"7638","distinctio","94286362"
"7639","veniam","11713407"
"7640","impedit","97443404"
"7641","nobis","78772891"
"7642","veritatis","78768498"
"7643","corporis","03336188"
"7644","porro","63825547"
"7645","earum","90679678"
"7646","voluptas","20087036"
"7647","ratione","91010900"
"7648","reprehenderit","27905424"
"7649","maiores","33598296"
"7650","vel","81326561"
"7651","minus","58875129"
"7652","repudiandae","39962101"
"7653","in","40714395"
"7654","non","87908298"
"7655","blanditiis","51408214"
"7656","nihil","12297766"
"7657","placeat","66173883"
"7658","nihil","64495485"
"7659","nam","42920522"
"7660","recusandae","49033214"
"7661","quod","36273642"
"7662","architecto","26784758"
"7663","repudiandae","68898206"
"7664","itaque","77064640"
"7665","sequi","67913443"
"7666","labore","51835700"
"7667","quo","35011466"
"7668","voluptatem","36642305"
"7669","temporibus","88468195"
"7670","molestias","45359800"
"7671","quo","81963006"
"7672","odit","64301967"
"7673","voluptatem","74412087"
"7674","iusto","16631244"
"7675","eaque","23232508"
"7676","repudiandae","08287261"
"7677","sit","47496185"
"7678","minima","60936081"
"7679","deserunt","22468556"
"7680","possimus","12812416"
"7681","nemo","15867367"
"7682","ullam","94565777"
"7683","et","28836248"
"7684","cumque","97818506"
"7685","autem","02871688"
"7686","quaerat","71357104"
"7687","maxime","36075377"
"7688","ex","15372106"
"7689","officia","16857486"
"7690","commodi","75528968"
"7691","adipisci","37451563"
"7692","deserunt","92040939"
"7693","eos","06309955"
"7694","veniam","17585159"
"7695","exercitationem","91483759"
"7696","culpa","84425083"
"7697","reprehenderit","45932739"
"7698","maxime","20096386"
"7699","ex","77699053"
"7700","facilis","41579217"
"7701","eaque","92718958"
"7702","dolorum","20611102"
"7703","cumque","61755445"
"7704","reiciendis","23682277"
"7705","dolore","41897629"
"7706","quia","45444542"
"7707","sapiente","42766786"
"7708","neque","61183653"
"7709","provident","89017687"
"7710","quidem","57416068"
"7711","aliquid","40436197"
"7712","blanditiis","70204298"
"7713","id","54348893"
"7714","et","68164872"
"7715","ut","74418245"
"7716","facilis","40243114"
"7717","fugit","67540586"
"7718","explicabo","96573720"
"7719","suscipit","34736457"
"7720","earum","79837943"
"7721","tempore","49847073"
"7722","aliquam","69814814"
"7723","tempore","79851517"
"7724","labore","73439902"
"7725","saepe","33133066"
"7726","voluptatum","58540684"
"7727","doloremque","92422307"
"7728","in","68323448"
"7729","facilis","71414214"
"7730","nesciunt","10698370"
"7731","reiciendis","97930901"
"7732","vel","61222024"
"7733","voluptate","67129553"
"7734","quibusdam","53460823"
"7735","molestiae","75563922"
"7736","repudiandae","77076292"
"7737","totam","07248196"
"7738","dolorum","24267391"
"7739","qui","37066946"
"7740","doloribus","39606542"
"7741","nemo","82038290"
"7742","numquam","59107139"
"7743","nisi","92362213"
"7744","laboriosam","32268995"
"7745","velit","72064061"
"7746","recusandae","07279761"
"7747","eaque","65230643"
"7748","odio","55975382"
"7749","architecto","77372885"
"7750","neque","38862217"
"7751","velit","36097814"
"7752","fugit","77969511"
"7753","velit","58338217"
"7754","veritatis","13264923"
"7755","consequatur","41919672"
"7756","recusandae","66975104"
"7757","repudiandae","44426739"
"7758","esse","18100324"
"7759","optio","46404297"
"7760","laudantium","71985124"
"7761","quo","45824392"
"7762","saepe","48871160"
"7763","ratione","29668030"
"7764","esse","87145052"
"7765","laudantium","77959004"
"7766","nisi","26447243"
"7767","rerum","97084183"
"7768","veritatis","51629862"
"7769","eveniet","22855045"
"7770","velit","34681745"
"7771","vitae","75876411"
"7772","iste","12432993"
"7773","eius","27767998"
"7774","eum","24610797"
"7775","reprehenderit","38117964"
"7776","sapiente","71936601"
"7777","ipsam","18242691"
"7778","illum","39133693"
"7779","voluptas","43133970"
"7780","distinctio","33505608"
"7781","aperiam","41270208"
"7782","minus","04348533"
"7783","alias","11583666"
"7784","officia","11958113"
"7785","dolorum","18827980"
"7786","nesciunt","74929159"
"7787","itaque","41428754"
"7788","nihil","12431656"
"7789","quae","38260776"
"7790","laborum","59764244"
"7791","similique","10764851"
"7792","consequuntur","27555928"
"7793","architecto","86994125"
"7794","magnam","89838143"
"7795","recusandae","26387421"
"7796","eius","47551172"
"7797","aperiam","40291810"
"7798","id","87410767"
"7799","doloremque","13828961"
"7800","harum","36236620"
"7801","rerum","85955185"
"7802","blanditiis","91663999"
"7803","labore","40802096"
"7804","dignissimos","58186107"
"7805","illo","46688101"
"7806","quam","88688255"
"7807","quod","25537997"
"7808","repellendus","92573412"
"7809","eligendi","28161716"
"7810","eius","64511074"
"7811","ea","14247262"
"7812","quam","89325894"
"7813","iure","85263815"
"7814","vitae","21805804"
"7815","maiores","90631845"
"7816","repellendus","00411955"
"7817","vero","39473032"
"7818","aut","84426605"
"7819","cumque","80434406"
"7820","in","14679422"
"7821","voluptatibus","02159236"
"7822","sint","53128127"
"7823","est","81991958"
"7824","at","41443100"
"7825","assumenda","14016284"
"7826","iste","41231898"
"7827","ipsa","31917996"
"7828","optio","48080763"
"7829","odit","10184304"
"7830","aut","45368810"
"7831","iste","68071659"
"7832","odit","20135469"
"7833","voluptate","72556983"
"7834","assumenda","25487838"
"7835","sit","35527493"
"7836","quam","71046193"
"7837","earum","07775275"
"7838","assumenda","76626917"
"7839","deserunt","45403765"
"7840","quisquam","15481536"
"7841","nulla","08038796"
"7842","quam","26630783"
"7843","adipisci","89073964"
"7844","id","64390243"
"7845","facere","96083438"
"7846","ipsum","91242027"
"7847","ipsum","91719268"
"7848","quis","53003981"
"7849","ipsam","63025697"
"7850","atque","95144946"
"7851","incidunt","66574538"
"7852","soluta","03178459"
"7853","veniam","03866997"
"7854","aut","13166477"
"7855","voluptas","83467585"
"7856","quod","12667545"
"7857","eum","50359414"
"7858","voluptatem","81634138"
"7859","tempora","77172224"
"7860","doloribus","49573854"
"7861","enim","50770348"
"7862","a","76610453"
"7863","tempora","86476298"
"7864","natus","62730358"
"7865","similique","41471842"
"7866","hic","61618868"
"7867","rem","49154995"
"7868","repellendus","05437254"
"7869","unde","42923824"
"7870","incidunt","88549010"
"7871","corporis","53777984"
"7872","rem","83324817"
"7873","nemo","17041449"
"7874","nostrum","94856866"
"7875","omnis","11509544"
"7876","ipsum","74680588"
"7877","quis","54257919"
"7878","vitae","52731323"
"7879","provident","54038399"
"7880","aliquam","03822578"
"7881","eveniet","47937955"
"7882","similique","39696528"
"7883","voluptates","65237445"
"7884","mollitia","04069069"
"7885","nemo","28976096"
"7886","dolorum","22676523"
"7887","molestias","37986524"
"7888","aliquid","39099054"
"7889","voluptatem","15482412"
"7890","sapiente","16423151"
"7891","asperiores","67992122"
"7892","sit","75121313"
"7893","eum","19267894"
"7894","asperiores","09358886"
"7895","repellat","32386674"
"7896","harum","62647486"
"7897","nulla","83339936"
"7898","porro","85520646"
"7899","pariatur","16275904"
"7900","maxime","71743925"
"7901","debitis","84133974"
"7902","id","68839170"
"7903","sint","46051016"
"7904","illo","44412794"
"7905","vel","99247408"
"7906","repellat","47029961"
"7907","tenetur","06610762"
"7908","pariatur","98436120"
"7909","veniam","51075753"
"7910","officia","16070593"
"7911","vel","44232705"
"7912","dolores","88555474"
"7913","alias","51735036"
"7914","quidem","62427769"
"7915","vero","43517682"
"7916","voluptatem","07923675"
"7917","esse","67253780"
"7918","commodi","41027627"
"7919","corrupti","19122257"
"7920","facilis","32757873"
"7921","iusto","19153091"
"7922","voluptate","11906837"
"7923","magnam","01170403"
"7924","fuga","24429145"
"7925","expedita","10154127"
"7926","quos","00915663"
"7927","dignissimos","66283841"
"7928","rem","37249371"
"7929","assumenda","98219282"
"7930","dolor","48830124"
"7931","magnam","48435368"
"7932","voluptatum","64743047"
"7933","harum","51409367"
"7934","itaque","31157433"
"7935","rerum","13407528"
"7936","est","27397760"
"7937","fuga","64364946"
"7938","rerum","83942743"
"7939","quaerat","12016842"
"7940","eum","73909281"
"7941","provident","24570090"
"7942","eligendi","92028995"
"7943","sint","60594485"
"7944","vitae","57107660"
"7945","pariatur","51745515"
"7946","cupiditate","99250061"
"7947","veniam","31545269"
"7948","harum","52426549"
"7949","corporis","36557275"
"7950","exercitationem","56503182"
"7951","dignissimos","66585236"
"7952","expedita","57352428"
"7953","libero","00660146"
"7954","aliquid","45298660"
"7955","voluptatem","07974707"
"7956","rem","34982777"
"7957","occaecati","05321555"
"7958","eveniet","43889272"
"7959","enim","95721228"
"7960","dignissimos","70229232"
"7961","beatae","83113162"
"7962","doloremque","39551333"
"7963","molestiae","48385295"
"7964","rerum","18414967"
"7965","nostrum","38905591"
"7966","veniam","89789235"
"7967","voluptas","42620499"
"7968","corporis","33204287"
"7969","harum","14804326"
"7970","necessitatibus","27199007"
"7971","nemo","18736711"
"7972","expedita","84496140"
"7973","deserunt","97963484"
"7974","aliquam","08676049"
"7975","sit","67347517"
"7976","mollitia","87955717"
"7977","odio","35126491"
"7978","tenetur","53694717"
"7979","dolor","68026611"
"7980","sed","79052925"
"7981","quia","42692081"
"7982","cumque","30590815"
"7983","placeat","68801888"
"7984","aperiam","78143869"
"7985","eum","86864972"
"7986","soluta","97112181"
"7987","sunt","30850303"
"7988","dolorum","02903028"
"7989","at","56857745"
"7990","adipisci","00219482"
"7991","expedita","71849477"
"7992","ratione","90607889"
"7993","doloremque","37276854"
"7994","tenetur","44126335"
"7995","neque","45398629"
"7996","distinctio","29910379"
"7997","unde","58710443"
"7998","aliquam","15469256"
"7999","ad","79287025"
"8000","reprehenderit","92590902"
"8001","expedita","87367870"
"8002","officiis","75121739"
"8003","impedit","30455785"
"8004","optio","37866653"
"8005","eveniet","75507609"
"8006","nisi","55508021"
"8007","illum","12372664"
"8008","cupiditate","39454788"
"8009","eaque","68851332"
"8010","laboriosam","99928772"
"8011","cumque","59322673"
"8012","libero","40485069"
"8013","amet","11064658"
"8014","esse","93507931"
"8015","et","51174219"
"8016","aliquam","61377663"
"8017","modi","56510756"
"8018","sequi","63655325"
"8019","nobis","82957126"
"8020","asperiores","33200050"
"8021","cumque","47001955"
"8022","sapiente","40835719"
"8023","perspiciatis","43818388"
"8024","vel","31634259"
"8025","iste","51594911"
"8026","odio","50271595"
"8027","similique","37619100"
"8028","modi","57002868"
"8029","consequatur","11139127"
"8030","earum","64612421"
"8031","nemo","76861493"
"8032","magnam","02943061"
"8033","veritatis","52696091"
"8034","praesentium","40663810"
"8035","accusantium","93059316"
"8036","aperiam","63167393"
"8037","magnam","08429802"
"8038","dignissimos","32287079"
"8039","laboriosam","03275368"
"8040","tempora","49559234"
"8041","quasi","88285706"
"8042","tenetur","73875319"
"8043","sequi","04009861"
"8044","tempore","82946035"
"8045","similique","37503413"
"8046","blanditiis","96037145"
"8047","repellendus","03373184"
"8048","quam","67207739"
"8049","nisi","12669900"
"8050","quas","72538925"
"8051","saepe","74242964"
"8052","a","39441249"
"8053","quae","12542162"
"8054","earum","66539560"
"8055","soluta","82305361"
"8056","ex","65438060"
"8057","aliquid","95725807"
"8058","eaque","56808787"
"8059","assumenda","73458418"
"8060","perspiciatis","00375648"
"8061","distinctio","19152106"
"8062","officiis","07762415"
"8063","porro","18720354"
"8064","aliquid","85492393"
"8065","fugiat","49269172"
"8066","quis","88402469"
"8067","rerum","74895699"
"8068","cum","42005233"
"8069","iure","23202363"
"8070","odit","61224124"
"8071","labore","42783698"
"8072","delectus","94440676"
"8073","architecto","24060736"
"8074","ipsa","31602054"
"8075","facere","81424854"
"8076","necessitatibus","66732276"
"8077","fuga","88022409"
"8078","blanditiis","08623240"
"8079","ducimus","36177249"
"8080","ex","01195775"
"8081","vel","86422421"
"8082","aliquam","16883648"
"8083","deserunt","83262487"
"8084","placeat","46442081"
"8085","distinctio","01643449"
"8086","molestias","48345617"
"8087","a","52837930"
"8088","ullam","74034934"
"8089","amet","26486221"
"8090","illum","90004645"
"8091","eligendi","07662935"
"8092","distinctio","26834557"
"8093","quasi","14480957"
"8094","rem","36512439"
"8095","labore","47944709"
"8096","voluptatibus","55630446"
"8097","vitae","19701204"
"8098","nihil","95702700"
"8099","enim","07023077"
"8100","facilis","94302840"
"8101","sint","38624615"
"8102","itaque","09029702"
"8103","ipsa","68508689"
"8104","rerum","66018300"
"8105","earum","72286468"
"8106","nisi","14220186"
"8107","ex","57855909"
"8108","laudantium","00158281"
"8109","vero","15096502"
"8110","adipisci","29041907"
"8111","expedita","77657116"
"8112","sequi","30113929"
"8113","dolores","80675508"
"8114","totam","22389303"
"8115","corporis","74466249"
"8116","labore","18365300"
"8117","unde","40569015"
"8118","voluptatem","51799915"
"8119","voluptatum","07620105"
"8120","similique","35936213"
"8121","hic","29994135"
"8122","quae","68320363"
"8123","iste","25497897"
"8124","doloremque","60210256"
"8125","dolores","58336965"
"8126","recusandae","58034232"
"8127","consequuntur","25968676"
"8128","sint","05923365"
"8129","harum","95685220"
"8130","necessitatibus","21005473"
"8131","fuga","18683428"
"8132","delectus","22336855"
"8133","culpa","93051338"
"8134","dolorum","04863618"
"8135","quia","16632439"
"8136","excepturi","36607437"
"8137","est","73562423"
"8138","quam","84008062"
"8139","quaerat","70385316"
"8140","id","60450079"
"8141","quidem","29623991"
"8142","culpa","39707432"
"8143","accusantium","86523596"
"8144","necessitatibus","28792394"
"8145","modi","12962846"
"8146","dolores","59417635"
"8147","voluptates","38699461"
"8148","eveniet","77199861"
"8149","cupiditate","02985236"
"8150","delectus","49727650"
"8151","non","64778809"
"8152","unde","64692925"
"8153","expedita","98093730"
"8154","impedit","91934083"
"8155","veritatis","63063224"
"8156","adipisci","13568060"
"8157","omnis","56973181"
"8158","omnis","08259898"
"8159","beatae","27428805"
"8160","sint","07446830"
"8161","voluptate","53429999"
"8162","cum","70539979"
"8163","nulla","73324560"
"8164","quam","76299263"
"8165","nobis","67017125"
"8166","dolorem","52723749"
"8167","harum","57411026"
"8168","vitae","30008759"
"8169","dolore","50025905"
"8170","reprehenderit","18432308"
"8171","consequatur","02812206"
"8172","non","63394303"
"8173","nihil","11093099"
"8174","perspiciatis","03099965"
"8175","voluptate","79003140"
"8176","fuga","90248418"
"8177","rerum","27237498"
"8178","repudiandae","74874385"
"8179","a","05782725"
"8180","quam","26995400"
"8181","natus","47442343"
"8182","modi","75541478"
"8183","doloremque","84021387"
"8184","libero","76530539"
"8185","sequi","47812963"
"8186","non","81104187"
"8187","neque","41360783"
"8188","porro","05389946"
"8189","repellat","54041657"
"8190","asperiores","55053721"
"8191","magni","45279243"
"8192","rem","86347472"
"8193","quia","73241704"
"8194","inventore","34840217"
"8195","nulla","88581034"
"8196","corporis","66395877"
"8197","adipisci","07202373"
"8198","magnam","95984981"
"8199","vero","65740099"
"8200","totam","76568604"
"8201","magni","49069930"
"8202","quia","24360508"
"8203","eveniet","33577294"
"8204","consequatur","78340731"
"8205","numquam","30860289"
"8206","hic","68654510"
"8207","ab","98509104"
"8208","vel","54393840"
"8209","dolorem","69295248"
"8210","voluptas","28828799"
"8211","corporis","61408983"
"8212","molestias","18164926"
"8213","ex","71067126"
"8214","eius","27459115"
"8215","eligendi","73896021"
"8216","ducimus","35642188"
"8217","voluptatibus","58540872"
"8218","asperiores","00425218"
"8219","recusandae","42057522"
"8220","hic","95620754"
"8221","sit","82683677"
"8222","non","67250163"
"8223","ut","25757561"
"8224","natus","45138747"
"8225","ab","22670633"
"8226","corporis","09973578"
"8227","occaecati","75522860"
"8228","soluta","52392037"
"8229","in","51629975"
"8230","repudiandae","36511215"
"8231","praesentium","71669489"
"8232","excepturi","09408860"
"8233","veniam","94972970"
"8234","non","11335652"
"8235","aliquam","29117166"
"8236","facere","13799643"
"8237","dolorem","78116214"
"8238","voluptatum","27440793"
"8239","quo","45691812"
"8240","minus","45911279"
"8241","voluptates","92112183"
"8242","fugiat","20253096"
"8243","fugiat","07297024"
"8244","perferendis","15441778"
"8245","veniam","44072381"
"8246","accusamus","14376411"
"8247","odit","15920154"
"8248","exercitationem","10481076"
"8249","odio","69637082"
"8250","aliquid","06862793"
"8251","at","46613675"
"8252","id","08065143"
"8253","saepe","43697522"
"8254","sapiente","44639198"
"8255","quidem","36608495"
"8256","omnis","63090692"
"8257","unde","78565135"
"8258","corporis","75091414"
"8259","officiis","98062160"
"8260","dicta","29107648"
"8261","quasi","58757733"
"8262","commodi","61404300"
"8263","sequi","12095091"
"8264","consectetur","72375760"
"8265","deleniti","10650417"
"8266","debitis","74626062"
"8267","est","73345836"
"8268","animi","66137968"
"8269","architecto","22487775"
"8270","animi","68310340"
"8271","necessitatibus","32425103"
"8272","numquam","65865810"
"8273","maxime","88681480"
"8274","ratione","64239087"
"8275","explicabo","55168894"
"8276","animi","97779288"
"8277","ad","70319353"
"8278","commodi","16061400"
"8279","maxime","20711591"
"8280","nisi","45033818"
"8281","assumenda","39710203"
"8282","delectus","52319311"
"8283","aperiam","62401404"
"8284","et","03604894"
"8285","tempore","87658638"
"8286","tempore","72728925"
"8287","reprehenderit","95157536"
"8288","non","89440763"
"8289","vero","17988774"
"8290","recusandae","93073081"
"8291","accusamus","34978793"
"8292","aut","18576684"
"8293","alias","75692636"
"8294","et","77716667"
"8295","dignissimos","37521444"
"8296","at","15665377"
"8297","aut","70380448"
"8298","vitae","58610271"
"8299","nisi","73697150"
"8300","nisi","23119162"
"8301","repellat","78363594"
"8302","ipsa","65337281"
"8303","odio","16723490"
"8304","similique","99956488"
"8305","soluta","08065114"
"8306","quis","70051295"
"8307","omnis","66005377"
"8308","rem","30146196"
"8309","rerum","03190792"
"8310","velit","22424657"
"8311","nisi","91666001"
"8312","fugit","84467609"
"8313","laudantium","99058564"
"8314","temporibus","09553344"
"8315","doloribus","77958450"
"8316","sit","47768135"
"8317","recusandae","87704262"
"8318","aliquid","64107243"
"8319","cum","01730487"
"8320","a","69201838"
"8321","beatae","18970429"
"8322","quidem","77301718"
"8323","modi","74489484"
"8324","cum","80761610"
"8325","minima","70267528"
"8326","architecto","86639317"
"8327","incidunt","06717830"
"8328","totam","01334748"
"8329","rem","27530714"
"8330","esse","43092936"
"8331","suscipit","20143844"
"8332","adipisci","53995874"
"8333","alias","77877623"
"8334","laboriosam","27451749"
"8335","odio","49425120"
"8336","iusto","87706246"
"8337","rem","34714839"
"8338","quis","81393187"
"8339","qui","40472760"
"8340","esse","14797740"
"8341","libero","85853335"
"8342","nostrum","75939709"
"8343","aperiam","97694677"
"8344","magni","38339304"
"8345","vero","49439380"
"8346","assumenda","52370092"
"8347","voluptatum","38297031"
"8348","amet","32303574"
"8349","quam","99301786"
"8350","occaecati","36481033"
"8351","rem","71594569"
"8352","veritatis","48629213"
"8353","deserunt","70367334"
"8354","repellat","64287681"
"8355","tempore","31999015"
"8356","architecto","79378182"
"8357","iure","00586227"
"8358","maxime","40735667"
"8359","soluta","42498440"
"8360","deserunt","00247859"
"8361","quia","40311270"
"8362","possimus","94077617"
"8363","repudiandae","07075255"
"8364","nisi","98128363"
"8365","accusamus","77286273"
"8366","minus","48261718"
"8367","atque","62312682"
"8368","beatae","34992767"
"8369","quo","88121983"
"8370","aperiam","82602038"
"8371","hic","99678384"
"8372","dicta","56396957"
"8373","aut","35144777"
"8374","corrupti","86814421"
"8375","veniam","96543314"
"8376","vero","57747512"
"8377","similique","40480159"
"8378","reiciendis","09358518"
"8379","esse","82084240"
"8380","laboriosam","70037301"
"8381","perferendis","23556814"
"8382","exercitationem","97044893"
"8383","modi","84874238"
"8384","provident","32417944"
"8385","nesciunt","21085269"
"8386","maiores","89861112"
"8387","consequuntur","83222977"
"8388","voluptate","45637102"
"8389","veritatis","72764196"
"8390","quaerat","61873991"
"8391","rem","01912604"
"8392","expedita","10849678"
"8393","in","93098745"
"8394","nulla","89014856"
"8395","voluptate","61122621"
"8396","dicta","29695445"
"8397","inventore","73491448"
"8398","provident","17392482"
"8399","nam","42342464"
"8400","quisquam","59136661"
"8401","voluptates","42432855"
"8402","blanditiis","37039277"
"8403","magni","18037860"
"8404","ex","01312584"
"8405","maiores","33808559"
"8406","alias","84303921"
"8407","nostrum","53339627"
"8408","incidunt","33393557"
"8409","sequi","02149458"
"8410","tempore","18369172"
"8411","nobis","86110992"
"8412","earum","14729016"
"8413","est","07445013"
"8414","rerum","09728726"
"8415","labore","65032851"
"8416","amet","49124034"
"8417","maiores","63545101"
"8418","dicta","20511942"
"8419","nemo","07711191"
"8420","fuga","95992167"
"8421","dolorem","16544188"
"8422","commodi","36804430"
"8423","similique","41374673"
"8424","occaecati","80835465"
"8425","doloremque","93748887"
"8426","similique","14489237"
"8427","nihil","52868425"
"8428","aspernatur","16337136"
"8429","optio","51043856"
"8430","omnis","23895105"
"8431","voluptatum","75765298"
"8432","architecto","90055078"
"8433","illum","30020909"
"8434","ex","62630880"
"8435","aspernatur","23103331"
"8436","voluptatum","06503512"
"8437","placeat","80119995"
"8438","quos","45795465"
"8439","voluptates","35742035"
"8440","voluptatum","12486868"
"8441","commodi","63937819"
"8442","nostrum","99763568"
"8443","ipsum","15524177"
"8444","nihil","84225755"
"8445","quisquam","67336025"
"8446","quisquam","69732741"
"8447","sapiente","62686810"
"8448","culpa","44422240"
"8449","eum","99291137"
"8450","harum","83368859"
"8451","dolorem","45740889"
"8452","optio","42656439"
"8453","voluptas","12196767"
"8454","placeat","51765806"
"8455","ratione","38345059"
"8456","commodi","28086718"
"8457","voluptate","45121751"
"8458","quis","61305516"
"8459","molestias","38504640"
"8460","fuga","84831459"
"8461","error","57566005"
"8462","asperiores","03167807"
"8463","quae","11902514"
"8464","facilis","75517488"
"8465","fugit","93129894"
"8466","voluptatibus","70593461"
"8467","odio","55977942"
"8468","harum","17692723"
"8469","iure","21543154"
"8470","nam","87656366"
"8471","tempora","98663118"
"8472","quaerat","28253940"
"8473","debitis","15519302"
"8474","doloribus","84171427"
"8475","dolore","11349654"
"8476","aperiam","49823158"
"8477","sint","95254236"
"8478","saepe","97255725"
"8479","similique","61472135"
"8480","ullam","07054290"
"8481","quia","08479621"
"8482","eum","41833328"
"8483","mollitia","61295246"
"8484","sapiente","22574698"
"8485","esse","70031637"
"8486","aut","15653831"
"8487","deleniti","50507955"
"8488","placeat","32951684"
"8489","est","37380600"
"8490","in","45566263"
"8491","adipisci","45812593"
"8492","ea","31110937"
"8493","ad","20099827"
"8494","sint","76151885"
"8495","et","15531791"
"8496","nam","11865926"
"8497","placeat","42690887"
"8498","laboriosam","63440940"
"8499","itaque","85336453"
"8500","optio","53816034"
"8501","veniam","75857300"
"8502","neque","07707759"
"8503","odit","55460562"
"8504","corporis","18548649"
"8505","ab","24099885"
"8506","ad","67892588"
"8507","quidem","99738070"
"8508","deserunt","92145656"
"8509","perferendis","26945359"
"8510","magni","15567767"
"8511","earum","89189716"
"8512","ex","65520556"
"8513","quibusdam","01536926"
"8514","voluptate","62060338"
"8515","ipsa","57684041"
"8516","ex","91217944"
"8517","ut","49811398"
"8518","magni","48676008"
"8519","ipsa","49046103"
"8520","aliquam","01524639"
"8521","possimus","62921294"
"8522","quo","28673954"
"8523","officia","74667479"
"8524","possimus","60468921"
"8525","est","40023693"
"8526","et","72930455"
"8527","voluptatem","03300971"
"8528","similique","85421056"
"8529","recusandae","28411185"
"8530","aut","23271267"
"8531","doloremque","64118991"
"8532","beatae","02826278"
"8533","ipsa","11670444"
"8534","ab","10365265"
"8535","quo","40836290"
"8536","reprehenderit","24040098"
"8537","optio","71790437"
"8538","in","58652352"
"8539","harum","32126901"
"8540","corporis","68076677"
"8541","praesentium","69511366"
"8542","fugiat","96956290"
"8543","iusto","38434018"
"8544","possimus","65569073"
"8545","repellendus","58463912"
"8546","esse","40487691"
"8547","doloremque","34338902"
"8548","eligendi","63468049"
"8549","odio","22483481"
"8550","maxime","81801137"
"8551","distinctio","34857052"
"8552","quia","96237900"
"8553","placeat","15428279"
"8554","maiores","02481649"
"8555","mollitia","17529342"
"8556","deserunt","14251341"
"8557","officiis","49066897"
"8558","atque","62748467"
"8559","quasi","40503068"
"8560","dignissimos","01031812"
"8561","debitis","95249244"
"8562","maxime","08746577"
"8563","alias","67100875"
"8564","blanditiis","87595799"
"8565","accusamus","86412025"
"8566","optio","02635649"
"8567","nisi","56437844"
"8568","eveniet","15776182"
"8569","temporibus","07954811"
"8570","maiores","67168197"
"8571","et","57672939"
"8572","ea","01779124"
"8573","id","62578686"
"8574","fugit","11019542"
"8575","reiciendis","25085234"
"8576","quam","16459522"
"8577","quae","80375057"
"8578","neque","29490884"
"8579","natus","29767888"
"8580","illum","67979846"
"8581","doloribus","43448040"
"8582","maxime","10773228"
"8583","aspernatur","98364769"
"8584","nemo","03436251"
"8585","aspernatur","92935967"
"8586","expedita","43386978"
"8587","eum","28196179"
"8588","quod","78589952"
"8589","excepturi","25005141"
"8590","qui","95443338"
"8591","a","58232833"
"8592","exercitationem","80624392"
"8593","quas","34521594"
"8594","error","07244584"
"8595","excepturi","28687819"
"8596","veniam","50005035"
"8597","consequatur","44277450"
"8598","id","40107486"
"8599","tenetur","17520310"
"8600","tempore","27391558"
"8601","dignissimos","45810382"
"8602","nesciunt","81380565"
"8603","exercitationem","97471043"
"8604","in","42359429"
"8605","aliquid","09161713"
"8606","sed","72761725"
"8607","tenetur","79927638"
"8608","quam","73480682"
"8609","sequi","69385087"
"8610","sunt","66436213"
"8611","repudiandae","64314037"
"8612","culpa","42126562"
"8613","aliquam","17374487"
"8614","accusantium","54372890"
"8615","necessitatibus","52430827"
"8616","alias","10696146"
"8617","dolor","73839488"
"8618","temporibus","78532604"
"8619","quibusdam","53109699"
"8620","recusandae","35249043"
"8621","qui","92725429"
"8622","harum","94526117"
"8623","itaque","33268317"
"8624","nesciunt","80338899"
"8625","consequatur","33277096"
"8626","odio","95135483"
"8627","quas","49613521"
"8628","et","62674326"
"8629","esse","16817423"
"8630","voluptatem","67818817"
"8631","eos","58742300"
"8632","aperiam","02413268"
"8633","quibusdam","37021554"
"8634","ab","56008818"
"8635","necessitatibus","12323445"
"8636","eligendi","17135016"
"8637","laboriosam","88000153"
"8638","natus","86541332"
"8639","impedit","05452003"
"8640","saepe","48452640"
"8641","natus","89557457"
"8642","nulla","26955289"
"8643","saepe","76197994"
"8644","dicta","63334921"
"8645","quidem","22285771"
"8646","eveniet","95725525"
"8647","maiores","48649132"
"8648","temporibus","10940322"
"8649","asperiores","99966769"
"8650","possimus","17124205"
"8651","quas","56217215"
"8652","recusandae","44827487"
"8653","voluptatem","69727426"
"8654","doloremque","96400754"
"8655","ipsum","44440817"
"8656","laborum","77668280"
"8657","in","10962172"
"8658","placeat","32067985"
"8659","ipsum","54833683"
"8660","nobis","96427076"
"8661","adipisci","42030294"
"8662","distinctio","31764505"
"8663","quae","52218549"
"8664","a","91180957"
"8665","ratione","41435952"
"8666","alias","56217306"
"8667","sint","14972810"
"8668","sint","20823650"
"8669","nulla","51445454"
"8670","repellendus","07327389"
"8671","vitae","60595313"
"8672","sequi","78761062"
"8673","est","25988128"
"8674","dolores","97050218"
"8675","consequatur","85227149"
"8676","iusto","35276193"
"8677","est","76626996"
"8678","fugiat","12705522"
"8679","quia","36620270"
"8680","dolor","30433673"
"8681","ut","07650360"
"8682","odit","59520747"
"8683","exercitationem","56677857"
"8684","nobis","65453569"
"8685","odio","38334768"
"8686","laboriosam","41623980"
"8687","autem","72584467"
"8688","quam","36918963"
"8689","ratione","47079987"
"8690","dolorem","37875870"
"8691","fuga","05443650"
"8692","aperiam","32432924"
"8693","reiciendis","23725452"
"8694","sapiente","36810215"
"8695","iste","80086204"
"8696","cumque","76018373"
"8697","nobis","25861710"
"8698","ipsum","41115965"
"8699","quas","30863554"
"8700","illum","38573837"
"8701","repudiandae","39277035"
"8702","adipisci","67818661"
"8703","exercitationem","67036556"
"8704","harum","00613932"
"8705","nobis","15508056"
"8706","laboriosam","91239794"
"8707","fuga","32612767"
"8708","non","77704028"
"8709","earum","18500413"
"8710","possimus","47650483"
"8711","tempora","29528699"
"8712","id","06202377"
"8713","provident","54291800"
"8714","voluptatibus","74149230"
"8715","necessitatibus","37698020"
"8716","iste","73833705"
"8717","cum","83141729"
"8718","perspiciatis","19582213"
"8719","fuga","94749290"
"8720","iste","43536963"
"8721","quas","69981317"
"8722","iste","82134787"
"8723","fugiat","68873552"
"8724","facilis","61065361"
"8725","eveniet","10007779"
"8726","laboriosam","95332822"
"8727","officia","15920398"
"8728","neque","11943210"
"8729","quisquam","99325963"
"8730","labore","55664518"
"8731","consequatur","44090468"
"8732","temporibus","51558522"
"8733","necessitatibus","05680648"
"8734","deleniti","45040385"
"8735","quos","26300968"
"8736","consequuntur","80751469"
"8737","illo","76060504"
"8738","enim","45135336"
"8739","eius","79380084"
"8740","ratione","75783092"
"8741","nulla","23956036"
"8742","alias","72960359"
"8743","eaque","04074608"
"8744","adipisci","30979841"
"8745","incidunt","07635808"
"8746","inventore","37001559"
"8747","iste","19479200"
"8748","dicta","04769906"
"8749","aut","43757771"
"8750","earum","70668564"
"8751","dignissimos","05527284"
"8752","labore","75041458"
"8753","occaecati","76713692"
"8754","eius","31343583"
"8755","voluptates","37920267"
"8756","ut","53074639"
"8757","numquam","64489583"
"8758","hic","61637552"
"8759","architecto","71603083"
"8760","enim","45338946"
"8761","suscipit","63956915"
"8762","quidem","05579123"
"8763","vero","53109546"
"8764","possimus","16857368"
"8765","quibusdam","54290666"
"8766","delectus","88681128"
"8767","magni","94829312"
"8768","reiciendis","60457263"
"8769","inventore","22482375"
"8770","vel","05323554"
"8771","libero","86002036"
"8772","culpa","87826513"
"8773","officiis","07897681"
"8774","nisi","80722262"
"8775","numquam","31904255"
"8776","quia","18925454"
"8777","eum","21222366"
"8778","quis","96808088"
"8779","cupiditate","97213041"
"8780","optio","53408230"
"8781","nam","99994093"
"8782","dignissimos","54058594"
"8783","fugiat","92205646"
"8784","exercitationem","42061011"
"8785","ipsa","87104047"
"8786","eos","40534919"
"8787","sint","03436004"
"8788","cumque","03011251"
"8789","eligendi","50401214"
"8790","ducimus","78350631"
"8791","velit","25252874"
"8792","tenetur","08887153"
"8793","praesentium","24253079"
"8794","quam","76368035"
"8795","mollitia","04430698"
"8796","libero","60790737"
"8797","mollitia","21449700"
"8798","optio","23118382"
"8799","soluta","06293027"
"8800","iusto","81257917"
"8801","accusantium","81431469"
"8802","consequatur","80215872"
"8803","harum","06372429"
"8804","ullam","28874177"
"8805","possimus","39302789"
"8806","laudantium","84147388"
"8807","nemo","16925866"
"8808","sint","18803270"
"8809","deserunt","04979675"
"8810","laudantium","53192087"
"8811","accusamus","96707939"
"8812","sint","06492635"
"8813","sapiente","16060294"
"8814","sequi","82264854"
"8815","tenetur","89295396"
"8816","quae","71912564"
"8817","facere","27186022"
"8818","ipsum","43893214"
"8819","non","23517877"
"8820","nesciunt","35840273"
"8821","alias","01267834"
"8822","repudiandae","43244904"
"8823","eum","74008920"
"8824","non","36732199"
"8825","eos","87081770"
"8826","quibusdam","56190614"
"8827","recusandae","58647569"
"8828","magnam","40241091"
"8829","facilis","84648788"
"8830","error","92529925"
"8831","architecto","92568438"
"8832","error","51171287"
"8833","non","39702729"
"8834","aut","67397190"
"8835","est","63051205"
"8836","voluptatum","72364017"
"8837","modi","74026339"
"8838","perspiciatis","14971871"
"8839","aspernatur","96047004"
"8840","vel","99520803"
"8841","impedit","92655806"
"8842","veritatis","00586676"
"8843","aliquid","53462618"
"8844","unde","68666594"
"8845","libero","34221399"
"8846","accusamus","88344939"
"8847","esse","84253040"
"8848","eligendi","72769577"
"8849","harum","77758594"
"8850","magni","35438077"
"8851","quae","52542614"
"8852","fugiat","74433861"
"8853","ducimus","35106154"
"8854","est","93857684"
"8855","perferendis","91092140"
"8856","consequatur","58317831"
"8857","id","24863730"
"8858","sed","73085062"
"8859","recusandae","25329507"
"8860","voluptatem","65975992"
"8861","fugit","23877395"
"8862","rerum","03794153"
"8863","maxime","09477581"
"8864","repudiandae","68868348"
"8865","ipsum","16372067"
"8866","placeat","34714170"
"8867","quam","40484171"
"8868","minima","60906902"
"8869","quod","98629846"
"8870","molestias","16830476"
"8871","eligendi","80546776"
"8872","amet","76724609"
"8873","in","30759240"
"8874","magnam","42961738"
"8875","excepturi","89636759"
"8876","recusandae","08799097"
"8877","totam","79394084"
"8878","quisquam","46320159"
"8879","atque","95566274"
"8880","nulla","00149752"
"8881","architecto","28304855"
"8882","quidem","57868965"
"8883","praesentium","83533657"
"8884","veritatis","15802498"
"8885","cumque","05717791"
"8886","inventore","56256863"
"8887","debitis","72344416"
"8888","perferendis","84415680"
"8889","eos","96616341"
"8890","quidem","10570685"
"8891","eveniet","88676020"
"8892","amet","91477554"
"8893","enim","92430091"
"8894","suscipit","67869874"
"8895","reprehenderit","66604488"
"8896","itaque","17906588"
"8897","vero","40295813"
"8898","voluptatibus","12139602"
"8899","excepturi","52226017"
"8900","fuga","50511415"
"8901","quaerat","96067143"
"8902","debitis","91407855"
"8903","enim","35827237"
"8904","placeat","02695738"
"8905","quod","05611141"
"8906","earum","62844106"
"8907","ex","30184416"
"8908","pariatur","47678306"
"8909","voluptate","95892559"
"8910","aliquid","78945060"
"8911","officiis","59547541"
"8912","assumenda","56151795"
"8913","molestiae","61191418"
"8914","occaecati","57148876"
"8915","fuga","16944649"
"8916","eius","69424522"
"8917","illum","14528488"
"8918","facilis","84917100"
"8919","quo","42699048"
"8920","quod","44276623"
"8921","id","82215013"
"8922","ex","03773038"
"8923","quia","37437445"
"8924","blanditiis","20769582"
"8925","accusantium","42471471"
"8926","quis","89653322"
"8927","quod","72198873"
"8928","voluptatum","90139971"
"8929","ab","66299733"
"8930","deleniti","24623921"
"8931","repellat","63129466"
"8932","nobis","70968958"
"8933","eos","15605660"
"8934","mollitia","81385009"
"8935","iure","05401375"
"8936","explicabo","52926586"
"8937","consequatur","55636895"
"8938","nemo","15166279"
"8939","beatae","96307509"
"8940","similique","00570977"
"8941","aut","39242940"
"8942","tempora","69482683"
"8943","ducimus","60637293"
"8944","ducimus","70745604"
"8945","doloribus","40842801"
"8946","assumenda","48020458"
"8947","mollitia","29554275"
"8948","quas","79263466"
"8949","libero","12839656"
"8950","ea","14749461"
"8951","rerum","88564914"
"8952","cumque","03992513"
"8953","facilis","13227659"
"8954","consequatur","07615946"
"8955","saepe","34200441"
"8956","ullam","74117114"
"8957","quasi","02415531"
"8958","ducimus","17464220"
"8959","sit","83107029"
"8960","pariatur","04168396"
"8961","nobis","34927032"
"8962","voluptas","12802569"
"8963","minus","50039774"
"8964","magnam","18774866"
"8965","ab","49465917"
"8966","reiciendis","17443389"
"8967","neque","86411365"
"8968","enim","83366217"
"8969","dolores","33199597"
"8970","deleniti","82895355"
"8971","iusto","33862412"
"8972","eos","96631747"
"8973","repudiandae","98334179"
"8974","neque","53362805"
"8975","eligendi","40370402"
"8976","a","88218787"
"8977","accusamus","64994494"
"8978","quo","52914149"
"8979","aperiam","54778528"
"8980","quos","12271842"
"8981","ipsum","09602629"
"8982","ducimus","15280179"
"8983","reiciendis","99183533"
"8984","suscipit","73691545"
"8985","blanditiis","57196068"
"8986","voluptatem","34438480"
"8987","veritatis","45503254"
"8988","architecto","75514699"
"8989","quibusdam","19408024"
"8990","dignissimos","05788761"
"8991","qui","43951831"
"8992","incidunt","19644853"
"8993","enim","47745674"
"8994","placeat","53058800"
"8995","vel","91904002"
"8996","est","04747799"
"8997","sequi","32941702"
"8998","necessitatibus","57118600"
"8999","dicta","85233650"
"9000","esse","13814109"
"9001","ad","96287032"
"9002","laborum","47257220"
"9003","animi","65400362"
"9004","neque","53424608"
"9005","laudantium","14096738"
"9006","minima","52314778"
"9007","libero","12989734"
"9008","qui","25180621"
"9009","quaerat","55848966"
"9010","incidunt","25693485"
"9011","veritatis","61609161"
"9012","expedita","19756417"
"9013","esse","63985058"
"9014","at","22138095"
"9015","hic","30985099"
"9016","voluptates","89347064"
"9017","aliquam","19140629"
"9018","iure","56999226"
"9019","atque","45911719"
"9020","saepe","86363989"
"9021","expedita","41736947"
"9022","beatae","45332940"
"9023","similique","33083662"
"9024","distinctio","92122519"
"9025","fugit","74843191"
"9026","voluptatum","84488763"
"9027","iusto","88337893"
"9028","soluta","72318246"
"9029","asperiores","54048526"
"9030","recusandae","94115743"
"9031","facilis","77098139"
"9032","corrupti","93756535"
"9033","odio","00915187"
"9034","ut","72342052"
"9035","placeat","48648993"
"9036","hic","57345293"
"9037","officia","60019588"
"9038","vel","99444719"
"9039","repudiandae","90410454"
"9040","commodi","86062805"
"9041","corporis","08144749"
"9042","illo","22761164"
"9043","unde","75186353"
"9044","placeat","17654126"
"9045","ipsum","40601057"
"9046","error","51794719"
"9047","esse","45427222"
"9048","accusantium","33221931"
"9049","quos","81554190"
"9050","aut","22292880"
"9051","atque","40718627"
"9052","blanditiis","19330943"
"9053","atque","27638908"
"9054","ullam","28195099"
"9055","laboriosam","34413939"
"9056","magnam","28079464"
"9057","ducimus","31019723"
"9058","aut","88452364"
"9059","numquam","89114293"
"9060","fugit","95638758"
"9061","porro","57505140"
"9062","aliquam","72043563"
"9063","doloremque","14453177"
"9064","doloremque","89678999"
"9065","minus","63085564"
"9066","eligendi","56845868"
"9067","ex","70665126"
"9068","iure","76717357"
"9069","laudantium","41728280"
"9070","cum","74624347"
"9071","nostrum","00596938"
"9072","quisquam","81688015"
"9073","explicabo","83695815"
"9074","et","19902724"
"9075","aliquam","20627535"
"9076","facilis","10607044"
"9077","minima","10339117"
"9078","commodi","64450519"
"9079","aperiam","57628345"
"9080","eaque","68522662"
"9081","ducimus","97671645"
"9082","nihil","15713064"
"9083","expedita","97298636"
"9084","rerum","15391473"
"9085","recusandae","75112224"
"9086","odio","55935350"
"9087","cumque","50378278"
"9088","repudiandae","92836739"
"9089","ipsum","41034918"
"9090","nihil","96119628"
"9091","occaecati","28126027"
"9092","delectus","10209142"
"9093","nulla","10216983"
"9094","iure","62542298"
"9095","earum","33827038"
"9096","animi","63208712"
"9097","aliquam","03288490"
"9098","ipsum","01293396"
"9099","harum","91641098"
"9100","aspernatur","02456010"
"9101","voluptatem","36703788"
"9102","magni","87207615"
"9103","eaque","12370840"
"9104","tempore","66752332"
"9105","explicabo","35515735"
"9106","explicabo","96300492"
"9107","deserunt","14632640"
"9108","minima","50383476"
"9109","minus","71148726"
"9110","qui","22543726"
"9111","totam","64478410"
"9112","fugiat","57283667"
"9113","repellendus","85447662"
"9114","dolore","23641318"
"9115","nobis","43630453"
"9116","provident","80176788"
"9117","at","24599112"
"9118","velit","19655174"
"9119","nam","74094284"
"9120","dolore","89234068"
"9121","culpa","51451055"
"9122","veritatis","23724793"
"9123","molestias","57296692"
"9124","ea","08747244"
"9125","corporis","24363283"
"9126","et","36171553"
"9127","explicabo","32123551"
"9128","dignissimos","85005022"
"9129","hic","50785073"
"9130","blanditiis","93092310"
"9131","ipsa","27405262"
"9132","assumenda","92004293"
"9133","suscipit","75115589"
"9134","perferendis","52323519"
"9135","omnis","33754158"
"9136","voluptas","63562896"
"9137","nesciunt","00054568"
"9138","id","60151195"
"9139","fugit","20952524"
"9140","praesentium","55125793"
"9141","fuga","74998596"
"9142","aut","06991220"
"9143","quisquam","25007797"
"9144","tenetur","40110622"
"9145","corrupti","17944006"
"9146","quod","98877408"
"9147","sequi","95532623"
"9148","accusamus","50062154"
"9149","rem","60009819"
"9150","voluptate","57055472"
"9151","dolorem","87294362"
"9152","eos","38095119"
"9153","veniam","96144049"
"9154","doloribus","63455426"
"9155","quibusdam","97929023"
"9156","magni","30606616"
"9157","illum","56450418"
"9158","in","17068314"
"9159","rem","65737086"
"9160","modi","62669869"
"9161","nulla","42170533"
"9162","id","40236416"
"9163","sit","80447368"
"9164","fugiat","60535966"
"9165","nobis","98513949"
"9166","doloremque","71685320"
"9167","laudantium","77512106"
"9168","eos","39688539"
"9169","ut","98601776"
"9170","repellat","74033387"
"9171","alias","53116443"
"9172","unde","07754674"
"9173","molestias","83867625"
"9174","quo","91248139"
"9175","praesentium","19252005"
"9176","assumenda","98071743"
"9177","id","06774212"
"9178","pariatur","94208819"
"9179","inventore","75129434"
"9180","ipsa","03240140"
"9181","facilis","26414686"
"9182","accusantium","98451423"
"9183","impedit","04392040"
"9184","error","99430330"
"9185","ipsam","01621312"
"9186","saepe","24893573"
"9187","beatae","88160605"
"9188","doloribus","22618009"
"9189","ipsa","73994282"
"9190","officia","34023138"
"9191","placeat","12477139"
"9192","neque","30400735"
"9193","fugit","32665766"
"9194","ducimus","27688775"
"9195","reiciendis","62673450"
"9196","voluptates","23305600"
"9197","esse","03132471"
"9198","hic","30111032"
"9199","possimus","03875048"
"9200","atque","35881419"
"9201","totam","02938232"
"9202","enim","52721001"
"9203","pariatur","35678360"
"9204","in","49700732"
"9205","officia","78370483"
"9206","ducimus","98317043"
"9207","ipsam","18138059"
"9208","nisi","36149354"
"9209","voluptatem","33475723"
"9210","ducimus","25056568"
"9211","nulla","37518567"
"9212","culpa","45082521"
"9213","accusantium","52254642"
"9214","provident","26157455"
"9215","nisi","58031670"
"9216","aliquid","76522641"
"9217","corrupti","14796882"
"9218","itaque","04691016"
"9219","voluptas","19020513"
"9220","eius","91279562"
"9221","amet","24588170"
"9222","vero","17732194"
"9223","ad","10835213"
"9224","doloribus","12310715"
"9225","similique","24488479"
"9226","dolore","84030560"
"9227","earum","90812403"
"9228","dicta","95541513"
"9229","ullam","90367649"
"9230","dolores","51555924"
"9231","impedit","72470700"
"9232","tempore","77658034"
"9233","autem","38945114"
"9234","labore","67289130"
"9235","corrupti","96728912"
"9236","pariatur","67557843"
"9237","quidem","87832267"
"9238","ipsa","31321680"
"9239","non","84481387"
"9240","laborum","39494490"
"9241","dolorem","22585078"
"9242","quia","70715700"
"9243","perspiciatis","71707650"
"9244","asperiores","24810268"
"9245","dolorem","06708679"
"9246","non","94997988"
"9247","dolorem","59207622"
"9248","iure","93679648"
"9249","ex","61156610"
"9250","ipsam","50133087"
"9251","labore","29425285"
"9252","sit","29439460"
"9253","amet","38326018"
"9254","velit","33391327"
"9255","quos","26047490"
"9256","vel","72465049"
"9257","unde","27958716"
"9258","sequi","49894219"
"9259","aut","41210801"
"9260","aut","89408462"
"9261","pariatur","96006213"
"9262","ut","05058419"
"9263","pariatur","51926771"
"9264","itaque","79250597"
"9265","ad","34287714"
"9266","praesentium","59341927"
"9267","pariatur","68470291"
"9268","velit","60586478"
"9269","tempore","90149162"
"9270","quo","10823418"
"9271","nam","85141450"
"9272","iste","41390394"
"9273","architecto","84253237"
"9274","delectus","72919941"
"9275","quam","09042904"
"9276","natus","95509341"
"9277","corrupti","54443145"
"9278","iste","27434210"
"9279","eligendi","49376028"
"9280","animi","32445229"
"9281","maxime","16523449"
"9282","odit","16212807"
"9283","autem","31052429"
"9284","animi","95073890"
"9285","similique","90206034"
"9286","rem","56425231"
"9287","id","08487824"
"9288","consectetur","95721612"
"9289","ab","16459844"
"9290","autem","03373859"
"9291","modi","65839108"
"9292","beatae","28311438"
"9293","enim","79319211"
"9294","consequuntur","96338109"
"9295","placeat","67405777"
"9296","voluptatum","38479562"
"9297","ad","55606701"
"9298","provident","22240001"
"9299","sint","20404711"
"9300","ratione","83112896"
"9301","placeat","17842031"
"9302","nisi","36069253"
"9303","beatae","31997761"
"9304","impedit","79315801"
"9305","enim","26662502"
"9306","minima","78802476"
"9307","repellat","41103387"
"9308","omnis","06171465"
"9309","accusantium","05964488"
"9310","qui","70102276"
"9311","amet","92563830"
"9312","possimus","79133614"
"9313","facilis","51009694"
"9314","voluptatum","32103250"
"9315","dolorum","68593633"
"9316","aliquid","22275930"
"9317","consectetur","67640563"
"9318","repellat","71685260"
"9319","sequi","92486894"
"9320","porro","88426642"
"9321","a","74761662"
"9322","nihil","94163996"
"9323","qui","23290134"
"9324","cumque","21435158"
"9325","corporis","32306761"
"9326","dolorem","73240239"
"9327","ab","87780649"
"9328","hic","80811118"
"9329","praesentium","47047341"
"9330","voluptate","00821444"
"9331","sunt","54842169"
"9332","cumque","97654331"
"9333","molestiae","10437370"
"9334","beatae","11054891"
"9335","fugiat","91701987"
"9336","ipsum","21067297"
"9337","minima","58174790"
"9338","dolorum","36072894"
"9339","sequi","28008590"
"9340","possimus","77232441"
"9341","occaecati","83000483"
"9342","nemo","68039418"
"9343","totam","90767883"
"9344","rerum","55081646"
"9345","excepturi","76174620"
"9346","optio","41800477"
"9347","fugit","87065529"
"9348","mollitia","63871476"
"9349","saepe","38329279"
"9350","culpa","84522224"
"9351","placeat","19757577"
"9352","quam","58107598"
"9353","iste","86917886"
"9354","dignissimos","37743998"
"9355","a","02191466"
"9356","consequuntur","88765048"
"9357","iure","00999682"
"9358","reiciendis","65664448"
"9359","laudantium","96422282"
"9360","laborum","17637722"
"9361","possimus","61402675"
"9362","laboriosam","74283133"
"9363","quam","71466878"
"9364","consequatur","81566602"
"9365","autem","55346377"
"9366","veritatis","26049602"
"9367","ad","57163805"
"9368","dolore","64523583"
"9369","ea","48771002"
"9370","in","96702999"
"9371","error","38304406"
"9372","rerum","17102798"
"9373","omnis","37835885"
"9374","occaecati","39308992"
"9375","minima","27048457"
"9376","consequatur","08077133"
"9377","impedit","01314449"
"9378","eaque","58957386"
"9379","commodi","75708979"
"9380","excepturi","36690087"
"9381","porro","62275822"
"9382","rerum","85854509"
"9383","vero","54554956"
"9384","fugit","21490493"
"9385","neque","70385166"
"9386","delectus","36600022"
"9387","dignissimos","47452392"
"9388","recusandae","09797818"
"9389","hic","77296594"
"9390","similique","70271861"
"9391","quo","67390493"
"9392","nulla","87569346"
"9393","autem","77793869"
"9394","corrupti","56678591"
"9395","dolor","53213981"
"9396","non","58924027"
"9397","quia","43982504"
"9398","impedit","25620785"
"9399","corrupti","61002825"
"9400","ad","38107721"
"9401","voluptatem","03139846"
"9402","nesciunt","97460700"
"9403","id","89241523"
"9404","minus","50981088"
"9405","sed","47519956"
"9406","beatae","43065909"
"9407","corporis","67366637"
"9408","numquam","05883880"
"9409","dicta","72131530"
"9410","quas","63135342"
"9411","voluptas","08630622"
"9412","aperiam","00231350"
"9413","adipisci","04360540"
"9414","esse","61002201"
"9415","illo","62265001"
"9416","fuga","04914356"
"9417","eaque","17980313"
"9418","deserunt","86326914"
"9419","rerum","48853571"
"9420","iste","56365349"
"9421","facere","56214858"
"9422","nam","35578979"
"9423","commodi","61533872"
"9424","placeat","48848905"
"9425","laboriosam","25270873"
"9426","suscipit","28739460"
"9427","tempora","01925575"
"9428","voluptates","71191120"
"9429","nisi","41030519"
"9430","totam","88312248"
"9431","at","21980114"
"9432","nostrum","22535705"
"9433","deserunt","90995616"
"9434","repellat","04579391"
"9435","nulla","80498863"
"9436","beatae","96373301"
"9437","debitis","77905191"
"9438","voluptate","28793125"
"9439","odio","35215599"
"9440","facere","69442699"
"9441","ducimus","09928350"
"9442","ipsa","87998954"
"9443","libero","66315871"
"9444","minus","02167096"
"9445","perferendis","45719173"
"9446","sapiente","59393941"
"9447","nulla","15758152"
"9448","architecto","85083378"
"9449","est","83895125"
"9450","laborum","70265410"
"9451","ducimus","82599141"
"9452","voluptate","91734263"
"9453","dolore","10166287"
"9454","odit","49172838"
"9455","ut","98343165"
"9456","nisi","65262850"
"9457","quia","90906173"
"9458","aliquam","96844394"
"9459","fuga","84086361"
"9460","distinctio","01038557"
"9461","voluptatum","61584822"
"9462","veniam","40303596"
"9463","consequatur","20999482"
"9464","distinctio","19637701"
"9465","nulla","62822797"
"9466","laborum","86347162"
"9467","alias","30676893"
"9468","maxime","92486484"
"9469","fuga","35513652"
"9470","tenetur","68186028"
"9471","repudiandae","79685746"
"9472","praesentium","83057327"
"9473","provident","64286357"
"9474","quas","82717471"
"9475","at","07367115"
"9476","iusto","42042764"
"9477","velit","43729976"
"9478","ratione","88728881"
"9479","dolorum","72958678"
"9480","expedita","81933928"
"9481","ipsum","66852295"
"9482","magnam","23294617"
"9483","aspernatur","21288971"
"9484","excepturi","29969213"
"9485","fugit","35814505"
"9486","rerum","08072479"
"9487","nisi","61190575"
"9488","sequi","88461751"
"9489","temporibus","76882623"
"9490","dolorem","67699587"
"9491","iusto","02038886"
"9492","deleniti","02366615"
"9493","omnis","81798445"
"9494","aliquam","90075036"
"9495","commodi","00963016"
"9496","repellendus","02305408"
"9497","natus","45100842"
"9498","temporibus","92742165"
"9499","nemo","03952827"
"9500","dolores","38869195"
"9501","amet","03011706"
"9502","dolores","05308542"
"9503","facere","28919671"
"9504","neque","44021296"
"9505","deserunt","37995034"
"9506","explicabo","98109708"
"9507","adipisci","26052503"
"9508","ratione","42177514"
"9509","magni","48152282"
"9510","molestias","41959276"
"9511","dicta","74930670"
"9512","iure","70323452"
"9513","culpa","84099923"
"9514","beatae","22972571"
"9515","earum","31186094"
"9516","eveniet","32681956"
"9517","harum","43349756"
"9518","et","18709247"
"9519","officia","02012217"
"9520","rerum","73880515"
"9521","voluptatibus","31236694"
"9522","itaque","67869759"
"9523","velit","17655383"
"9524","aliquam","29857050"
"9525","possimus","37646781"
"9526","similique","50811037"
"9527","temporibus","90222022"
"9528","dolorem","03618651"
"9529","nesciunt","84969039"
"9530","eveniet","76442252"
"9531","dolor","70075127"
"9532","esse","98283814"
"9533","reprehenderit","54042129"
"9534","tenetur","34764139"
"9535","quod","92717087"
"9536","porro","60680101"
"9537","ratione","69942296"
"9538","animi","75835812"
"9539","corporis","75918313"
"9540","similique","32334509"
"9541","mollitia","59589519"
"9542","blanditiis","67777207"
"9543","possimus","29469333"
"9544","quibusdam","57097911"
"9545","praesentium","74564352"
"9546","commodi","80820895"
"9547","vitae","20159130"
"9548","cumque","81298583"
"9549","ex","51026895"
"9550","suscipit","00754248"
"9551","est","30821691"
"9552","asperiores","53381315"
"9553","ipsa","57849037"
"9554","rem","53209228"
"9555","dignissimos","38427270"
"9556","fugiat","12056320"
"9557","fugit","18891183"
"9558","ex","40913609"
"9559","quos","22668863"
"9560","dicta","23229462"
"9561","sint","41707002"
"9562","neque","45953129"
"9563","vel","95982622"
"9564","quia","85891637"
"9565","fugit","72664355"
"9566","explicabo","81469514"
"9567","fugiat","93215858"
"9568","nihil","07383428"
"9569","repellat","13096539"
"9570","iusto","04634420"
"9571","numquam","67185420"
"9572","ab","81360144"
"9573","est","76578997"
"9574","quam","45337176"
"9575","vero","53571499"
"9576","cupiditate","74229165"
"9577","veritatis","33745403"
"9578","quisquam","33066405"
"9579","eum","65724058"
"9580","odio","88268486"
"9581","nobis","13397989"
"9582","pariatur","52690681"
"9583","neque","12917381"
"9584","corrupti","26119915"
"9585","amet","05729737"
"9586","sunt","44827396"
"9587","optio","07342987"
"9588","autem","80638017"
"9589","commodi","36742536"
"9590","blanditiis","15452691"
"9591","ipsum","29518697"
"9592","quis","53224828"
"9593","similique","00852718"
"9594","facilis","77861042"
"9595","dolore","43537098"
"9596","rem","38282790"
"9597","voluptatum","67434415"
"9598","eos","09090483"
"9599","blanditiis","29547788"
"9600","eius","54297867"
"9601","dolorem","47546708"
"9602","atque","78004260"
"9603","est","05496442"
"9604","quam","95822841"
"9605","dolores","78211968"
"9606","ad","28628498"
"9607","facere","92966518"
"9608","a","47719827"
"9609","perspiciatis","50936757"
"9610","distinctio","52070152"
"9611","blanditiis","56795922"
"9612","eligendi","32674264"
"9613","recusandae","40869472"
"9614","quo","56815204"
"9615","numquam","68301228"
"9616","iste","89172601"
"9617","aperiam","12368994"
"9618","neque","44829541"
"9619","voluptatibus","03935009"
"9620","nisi","80901316"
"9621","deserunt","50369215"
"9622","fuga","52824185"
"9623","dolore","53362908"
"9624","ratione","11335505"
"9625","aliquam","71596285"
"9626","corporis","30171275"
"9627","modi","15076441"
"9628","recusandae","53870627"
"9629","ipsum","98950570"
"9630","inventore","39598005"
"9631","tempore","39628436"
"9632","enim","31168122"
"9633","eius","62803100"
"9634","repudiandae","74787522"
"9635","illum","40049085"
"9636","temporibus","08936849"
"9637","doloremque","48013854"
"9638","eius","89974327"
"9639","distinctio","64263123"
"9640","corporis","68813618"
"9641","illo","26002514"
"9642","consequatur","23248289"
"9643","quaerat","65582996"
"9644","quos","78177509"
"9645","animi","18671767"
"9646","deleniti","96483107"
"9647","at","97052354"
"9648","dolore","79505807"
"9649","quod","23619133"
"9650","ratione","65162176"
"9651","iste","40227568"
"9652","et","83116167"
"9653","quae","21511396"
"9654","id","68453039"
"9655","beatae","80549293"
"9656","voluptatem","20447016"
"9657","laudantium","57328847"
"9658","corrupti","33955074"
"9659","nulla","21615272"
"9660","qui","08816410"
"9661","adipisci","64023042"
"9662","corrupti","97050663"
"9663","at","55659057"
"9664","numquam","61102024"
"9665","sed","16750573"
"9666","magnam","36928183"
"9667","facilis","80568619"
"9668","rerum","56291431"
"9669","omnis","28126887"
"9670","similique","86022972"
"9671","cum","46266244"
"9672","eius","81464586"
"9673","optio","75990618"
"9674","odit","51354701"
"9675","iure","65013126"
"9676","molestias","48020782"
"9677","ab","93507833"
"9678","fuga","00094366"
"9679","numquam","50573178"
"9680","tempore","39031821"
"9681","pariatur","99474523"
"9682","odio","61651815"
"9683","dolores","23986204"
"9684","libero","10522656"
"9685","sed","99887890"
"9686","labore","76532017"
"9687","quas","66116172"
"9688","harum","40660977"
"9689","voluptatum","57446048"
"9690","explicabo","54498927"
"9691","tenetur","99832763"
"9692","accusantium","98257056"
"9693","eveniet","54082662"
"9694","totam","06260741"
"9695","minus","98846212"
"9696","sed","90586105"
"9697","dolor","21147755"
"9698","minima","90904173"
"9699","suscipit","77691126"
"9700","temporibus","31138307"
"9701","vero","88196257"
"9702","excepturi","63475782"
"9703","deserunt","17102965"
"9704","maxime","91907138"
"9705","facilis","86805169"
"9706","ratione","90041903"
"9707","nam","12263899"
"9708","placeat","31406316"
"9709","nihil","21428046"
"9710","sunt","39490786"
"9711","accusamus","40174917"
"9712","quos","65091314"
"9713","iure","80242509"
"9714","ipsum","82185115"
"9715","qui","26160228"
"9716","recusandae","33083645"
"9717","similique","74613573"
"9718","est","72398780"
"9719","aspernatur","11356715"
"9720","architecto","00236886"
"9721","consequuntur","56541652"
"9722","accusantium","53301455"
"9723","voluptatibus","62972828"
"9724","consequatur","52395137"
"9725","perspiciatis","05594899"
"9726","vero","66513485"
"9727","tempore","77625893"
"9728","ad","01193364"
"9729","recusandae","23145789"
"9730","ea","45390205"
"9731","iste","97443133"
"9732","iure","50715108"
"9733","saepe","00761332"
"9734","labore","42830190"
"9735","praesentium","58951576"
"9736","veritatis","82015827"
"9737","accusamus","17209350"
"9738","sed","48913117"
"9739","magnam","68774295"
"9740","impedit","44122379"
"9741","corporis","62386548"
"9742","ea","47580477"
"9743","accusantium","61887696"
"9744","error","74631793"
"9745","perspiciatis","77228199"
"9746","unde","37282836"
"9747","delectus","78309032"
"9748","possimus","91018547"
"9749","fugiat","36225853"
"9750","praesentium","05522392"
"9751","quisquam","21556713"
"9752","voluptatibus","57250498"
"9753","maxime","10707895"
"9754","ex","07712753"
"9755","dolorum","05801715"
"9756","optio","09930854"
"9757","perspiciatis","02580008"
"9758","laborum","79388720"
"9759","voluptatum","99058845"
"9760","unde","67300262"
"9761","necessitatibus","65617580"
"9762","animi","63879045"
"9763","eligendi","75826033"
"9764","possimus","50947182"
"9765","molestias","70109154"
"9766","officia","28692598"
"9767","ipsa","26724423"
"9768","ullam","42402335"
"9769","incidunt","22632266"
"9770","optio","90478497"
"9771","cupiditate","21018012"
"9772","blanditiis","78952477"
"9773","voluptatum","64881905"
"9774","velit","66084179"
"9775","explicabo","82528926"
"9776","laborum","65721753"
"9777","illum","31261793"
"9778","nemo","36566627"
"9779","asperiores","70062850"
"9780","error","65328921"
"9781","reiciendis","10841035"
"9782","itaque","72792240"
"9783","at","26778698"
"9784","adipisci","44141630"
"9785","dolores","75355939"
"9786","tempora","88961315"
"9787","esse","58907254"
"9788","voluptates","20956501"
"9789","nostrum","31040780"
"9790","reprehenderit","38946078"
"9791","illo","64266386"
"9792","veritatis","67199842"
"9793","quia","78692286"
"9794","libero","46843136"
"9795","natus","35474196"
"9796","commodi","20562722"
"9797","culpa","06209589"
"9798","illo","59120843"
"9799","saepe","73353115"
"9800","temporibus","99907680"
"9801","harum","02243662"
"9802","pariatur","33610504"
"9803","commodi","20731943"
"9804","quam","52717683"
"9805","repellendus","55697232"
"9806","id","99242945"
"9807","quis","98718574"
"9808","similique","91869961"
"9809","assumenda","10949582"
"9810","aspernatur","33131039"
"9811","quia","67834525"
"9812","ad","22441354"
"9813","vitae","54193901"
"9814","aliquid","18320135"
"9815","labore","95677553"
"9816","libero","57120515"
"9817","saepe","46995240"
"9818","tenetur","64231008"
"9819","architecto","90026130"
"9820","fuga","03584918"
"9821","sit","03858766"
"9822","non","40947179"
"9823","officia","65708170"
"9824","vero","19936950"
"9825","perspiciatis","35383062"
"9826","architecto","63700104"
"9827","corporis","82805314"
"9828","iure","07742523"
"9829","fugit","56048249"
"9830","consequatur","08084914"
"9831","sunt","77542387"
"9832","nemo","34127528"
"9833","blanditiis","07391945"
"9834","quaerat","09477612"
"9835","atque","68696707"
"9836","eaque","55089917"
"9837","blanditiis","72932545"
"9838","consequuntur","69189883"
"9839","suscipit","88477122"
"9840","placeat","00271021"
"9841","magni","87088949"
"9842","natus","77521099"
"9843","eligendi","53706437"
"9844","ea","16710871"
"9845","voluptatem","01069753"
"9846","eos","17225717"
"9847","magnam","33346594"
"9848","ipsa","26159271"
"9849","repellendus","04342780"
"9850","corrupti","91477222"
"9851","cum","52596059"
"9852","asperiores","60533928"
"9853","praesentium","06581980"
"9854","reiciendis","84952846"
"9855","ducimus","23876028"
"9856","molestias","36968956"
"9857","natus","52042223"
"9858","hic","58816857"
"9859","repudiandae","57133376"
"9860","ratione","36479630"
"9861","deleniti","45957008"
"9862","ducimus","35743686"
"9863","pariatur","95922071"
"9864","incidunt","85321052"
"9865","maxime","75469261"
"9866","facilis","44016004"
"9867","alias","85849076"
"9868","ad","06225450"
"9869","suscipit","96561125"
"9870","quisquam","49311685"
"9871","vitae","64904451"
"9872","quo","94687727"
"9873","accusantium","04147752"
"9874","possimus","55247217"
"9875","inventore","80721373"
"9876","possimus","60388172"
"9877","deserunt","72407164"
"9878","ipsum","18265613"
"9879","quos","28368826"
"9880","reiciendis","16626003"
"9881","fugit","01707225"
"9882","repellendus","15124288"
"9883","assumenda","64406593"
"9884","non","83024491"
"9885","nobis","92755160"
"9886","sit","12167080"
"9887","repellat","02607119"
"9888","occaecati","33190692"
"9889","fugiat","51712316"
"9890","eligendi","53533170"
"9891","saepe","86155659"
"9892","atque","21879528"
"9893","voluptatibus","83542756"
"9894","sed","48347313"
"9895","porro","64795151"
"9896","non","14338940"
"9897","consequuntur","78726742"
"9898","quas","02851327"
"9899","mollitia","49297083"
"9900","praesentium","03344989"
"9901","expedita","43740330"
"9902","tempora","31724291"
"9903","magnam","09187053"
"9904","ex","10653454"
"9905","porro","99777249"
"9906","tenetur","66520428"
"9907","vero","27223206"
"9908","sit","86964658"
"9909","iusto","61726277"
"9910","quaerat","66753110"
"9911","amet","89950609"
"9912","ab","44019066"
"9913","aliquid","57192226"
"9914","iusto","67865599"
"9915","deleniti","70307717"
"9916","enim","70145951"
"9917","eius","31853024"
"9918","sapiente","14699617"
"9919","unde","06951634"
"9920","sunt","88679496"
"9921","incidunt","07005182"
"9922","sit","37345124"
"9923","nisi","84224789"
"9924","ducimus","55421752"
"9925","ratione","06997153"
"9926","provident","99916228"
"9927","tempore","43430319"
"9928","aliquid","76535644"
"9929","consectetur","51306092"
"9930","commodi","38005970"
"9931","consequatur","37532244"
"9932","delectus","57802213"
"9933","iste","94574789"
"9934","voluptas","71221427"
"9935","placeat","86670649"
"9936","ea","94868923"
"9937","ab","36718571"
"9938","aperiam","81959860"
"9939","quaerat","73078341"
"9940","earum","35972494"
"9941","magni","66218904"
"9942","nostrum","39544486"
"9943","aut","79122028"
"9944","deleniti","65156503"
"9945","voluptates","24832065"
"9946","nihil","66032375"
"9947","vitae","24582533"
"9948","magni","00265700"
"9949","et","11806477"
"9950","placeat","25691213"
"9951","perspiciatis","15040276"
"9952","perspiciatis","82254723"
"9953","error","29452485"
"9954","ratione","67761221"
"9955","expedita","24901260"
"9956","nisi","51171257"
"9957","dolor","93542830"
"9958","aliquid","82669117"
"9959","recusandae","17969736"
"9960","quaerat","33564138"
"9961","voluptates","66747276"
"9962","fuga","12900201"
"9963","numquam","87066536"
"9964","reiciendis","56719947"
"9965","maxime","65238499"
"9966","libero","84867169"
"9967","delectus","44727337"
"9968","itaque","09693057"
"9969","pariatur","14775384"
"9970","amet","88707595"
"9971","ut","37260717"
"9972","placeat","99298194"
"9973","nostrum","60228317"
"9974","animi","29245339"
"9975","molestias","54236735"
"9976","libero","89450258"
"9977","delectus","57939734"
"9978","qui","97373219"
"9979","aspernatur","67775043"
"9980","doloremque","88743398"
"9981","rem","91512577"
"9982","velit","80138587"
"9983","necessitatibus","80301700"
"9984","voluptatum","27440689"
"9985","praesentium","25287751"
"9986","animi","83546393"
"9987","laborum","65613122"
"9988","iure","56999833"
"9989","nobis","52936475"
"9990","ipsa","74225852"
"9991","rerum","79733645"
"9992","eos","19441500"
"9993","ratione","18849964"
"9994","vitae","52117316"
"9995","quisquam","93739862"
"9996","dolores","43187573"
"9997","velit","79912241"
"9998","rem","30667116"
"9999","expedita","23878102"