"Amanda Lesch","f","142 Metz Mills","1952.66","Terrence.Towne96@hotmail.com","07  04 2023"
"Cecelia Gleichner I","f","3883 Minnie Gardens","1949.29","Kathy.Ward17@hotmail.com","22  12 2022"
"Jordan Kiehn","m","4705 Marjory Forge","2465.29","Marian96@hotmail.com","29  11 2022"
"Dana Herman","f","461 Bernhard Valley","1118.26","Nick_Pfeffer-Dooley@gmail.com","11  12 2023"
"Dr. Lynne Smitham","m","672 Kelli Lights","444.29","Christine_Hermiston33@gmail.com","16  10 2023"
"Christina Mann","m","961 Purdy Springs","2845.66","Leah_West@yahoo.com","29  12 2022"
"Ollie Nolan","f","9037 Drake Plains","1762.92","Karen50@hotmail.com","23  04 2023"
"April Jones","m","4660 Bogisich Club","1636.38","Mona.Tremblay-Koepp@yahoo.com","11  04 2023"
"Kelvin Crona","f","20212 Batz Parkways","1822.94","Paulette43@hotmail.com","11  11 2022"
"Lori Ortiz","f","51796 Ledner Forks","2218.23","Doris_Hackett@gmail.com","10  11 2022"
"Miranda Smith","m","420 DuBuque Walk","1262.44","Adam_Barrows@hotmail.com","05  02 2023"
"Pablo MacGyver","f","72965 Annamarie Course","1586.33","Alison.Johns@yahoo.com","30  09 2023"
"Douglas Ankunding","m","8831 Bogan Union","663.00","Anne74@yahoo.com","22  09 2023"
"Teresa Witting","f","9201 Kautzer Springs","1290.08","Constance_Bode@gmail.com","03  08 2023"
"Erick Kiehn MD","f","383 Greenholt Heights","1258.19","Preston.Boyer@gmail.com","09  03 2023"
"Dr. Roderick Lemke","m","59954 Abbott Freeway","459.60","Willard83@hotmail.com","11  03 2023"
"Jane Bruen","f","5762 Susan Lights","1995.16","Marion65@yahoo.com","24  12 2023"
"Miguel Moore","m","9782 Moore Junctions","809.57","Jason_Rodriguez19@hotmail.com","28  08 2022"
"John Bailey","m","4290 Bernard Trail","721.63","Bert.Kutch26@gmail.com","11  12 2023"
"Vincent Murazik","m","1294 Jana Lake","824.98","Ross93@yahoo.com","08  03 2023"
"Dwayne Kuphal","m","42126 Mills Estates","1365.12","Arturo.Jacobs87@gmail.com","21  12 2023"
"Hope Schmitt","m","19389 Lucius Cliffs","1669.29","Sonja.Marquardt@hotmail.com","05  01 2023"
"Mr. Bert Jacobs","m","6183 Watsica Union","2923.02","Terence11@yahoo.com","09  08 2023"
"Ervin Fritsch Jr.","f","7954 Nitzsche Summit","2132.19","Sonja_Dare@hotmail.com","26  04 2023"
"Mindy Keebler","f","444 Norwood Lakes","1067.85","Steve75@yahoo.com","17  01 2023"
"Dr. William Ernser","m","87928 Gutkowski Keys","1639.19","Roman65@gmail.com","28  10 2023"
"Dr. Lee Hamill","m","3887 Josiane Valleys","1890.71","Rachael32@hotmail.com","24  06 2023"
"Laura Hodkiewicz","f","7469 Willms Street","1244.04","Geraldine.Cruickshank@gmail.com","21  10 2023"
"Ms. Shawna Hoeger","m","88729 Kiley Route","519.64","Georgia.Okuneva43@hotmail.com","22  08 2023"
"Bruce Orn","m","642 Jerel Mountain","980.36","Cindy.Koss@yahoo.com","25  08 2023"
"Heather Gleichner III","m","612 Schamberger Club","1293.28","Bobbie93@yahoo.com","25  01 2023"
"Cassandra Mayer","f","33643 Wisoky Parkway","2077.92","Ray.Herman72@yahoo.com","24  09 2023"
"Gary Jacobi","f","3019 Stokes Burgs","2364.99","Ethel.Grimes-Brakus@gmail.com","07  08 2023"
"Terrell Aufderhar","m","1011 Nienow Center","723.39","Blake99@gmail.com","22  10 2022"
"Diane Lesch","f","65679 Marcelino Pine","1256.67","Johanna21@hotmail.com","03  12 2022"
"Tiffany Beier-Crist","f","401 Corine Crescent","70.97","Francisco_Frami48@gmail.com","12  12 2022"
"Rebecca Braun","m","88458 Jacinto River","541.77","Peter.Kreiger@gmail.com","11  08 2023"
"Duane Goldner","m","10923 Heathcote Knolls","2772.14","Edna_Larson0@hotmail.com","21  08 2023"
"Sophia Dicki","m","158 Nicolas View","546.60","Sheryl.Howell@yahoo.com","09  09 2023"
"Lonnie Schaden","f","43274 Mosciski Crossroad","1077.31","Alexis.Shields25@gmail.com","30  01 2023"
"Meghan Fisher","m","5386 Gracie Harbor","1872.72","Jeanne32@yahoo.com","12  05 2023"
"Jessie Ruecker","m","62312 Will Forest","2412.65","Claire.Pouros70@hotmail.com","12  04 2023"
"Alfonso Turcotte","m","58734 Ferne Brooks","929.08","Bernice57@yahoo.com","21  05 2023"
"Mr. Emmett Schowalter","f","867 Schuster Keys","1611.99","Willard.Larson14@yahoo.com","04  03 2023"
"Dominic Herman","m","40652 Thomas Gardens","1392.49","Claude_Lebsack@hotmail.com","05  01 2023"
"Dwight Weimann","m","78668 Maximilian Fords","2112.92","Ricky22@yahoo.com","21  08 2022"
"Meghan Medhurst PhD","f","91035 Carolina Plain","1667.94","Melissa33@yahoo.com","24  09 2023"
"Ronald Block","m","6357 Botsford Island","32.35","Roderick.Stokes@gmail.com","11  01 2023"
"Ted Abshire","f","77118 Dane Greens","1315.82","Caleb19@yahoo.com","27  09 2023"
"Darla Thompson","f","3242 Wintheiser Manor","454.27","Lance.Beer-Bernhard@yahoo.com","22  09 2022"
"Elsie Keeling","m","432 Haley Ville","2806.16","Patti88@hotmail.com","16  02 2023"
"Domingo Beahan","f","77155 Runolfsson Drives","1575.34","Ronald.Champlin35@yahoo.com","31  12 2022"
"Dave Lindgren-Rippin","m","55873 Lakin Overpass","2171.42","Laurence.Glover70@yahoo.com","11  10 2023"
"Mindy Wolf","m","429 Bernier Spurs","1551.11","Tasha51@yahoo.com","27  10 2023"
"Sandra Konopelski","f","59961 MacGyver Highway","865.78","Salvador85@yahoo.com","11  11 2023"
"Orlando Jast","f","12675 Hand Ramp","1132.61","Charles.Dooley@hotmail.com","07  05 2023"
"Ada Treutel","f","76948 Tyree Mills","2672.68","Rudolph25@hotmail.com","02  12 2023"
"Joel Armstrong","f","827 Jerad Village","2522.03","Forrest_Kessler@hotmail.com","11  11 2023"
"Mark Prohaska","m","225 Johnston Drive","453.15","Donald_Hahn@hotmail.com","01  02 2023"
"Angelo Kreiger","m","646 Satterfield Haven","2871.07","Alicia90@gmail.com","27  05 2023"
"Mrs. Mona Sipes","f","942 Celestino Manor","2208.74","Cary_Larkin-Abernathy87@hotmail.com","24  03 2023"
"Tasha Kuhlman","m","3057 Ruthie Estate","1764.03","Elias39@yahoo.com","14  10 2023"
"Kristen Witting-Frami","f","25446 Considine Pines","966.98","Bob_Gottlieb@yahoo.com","22  10 2023"
"Darren Metz","m","195 Weber Ridge","846.66","Alicia94@gmail.com","11  06 2023"
"Ira Heller","f","1685 Marvin Junction","852.57","Leon18@yahoo.com","11  08 2023"
"Susie Schneider","m","8151 Langworth Estate","2409.39","Johanna.Crooks-Kuvalis3@gmail.com","09  08 2023"
"Rosa Wolf-Luettgen","m","6258 Mraz Rue","708.95","Vernon.Metz@gmail.com","16  10 2023"
"Mr. Cedric VonRueden","m","484 Corwin River","128.55","Inez0@hotmail.com","14  09 2022"
"Cynthia Reichel","m","8484 Anderson Estates","409.23","Nicholas_Kreiger@yahoo.com","25  08 2023"
"Terry Gottlieb","f","19286 Bernice Ranch","2910.42","Trevor_Yost@yahoo.com","25  03 2023"
"Ms. Natalie Welch","m","27476 Sean Terrace","867.41","Rickey.Howe@hotmail.com","19  11 2022"
"Lewis Lebsack","m","307 Rylee Squares","1776.55","Casey.Hane@yahoo.com","12  03 2023"
"Pam Gutmann","m","988 Smith Coves","2973.00","Lynda92@gmail.com","09  09 2023"
"Genevieve Stokes","m","2725 Watson Ranch","1249.27","Angel.Parisian@gmail.com","11  12 2022"
"Dana Kassulke","m","427 Mauricio Oval","2179.10","Olga27@yahoo.com","02  06 2023"
"Earl Cronin","m","3273 Alycia Ranch","1100.77","Norman_Russel@hotmail.com","08  04 2023"
"Beatrice Conroy","m","12780 Melisa Fields","2988.06","Saul_Kozey82@yahoo.com","17  01 2023"
"Francis Gerhold","m","211 Roberts Drives","503.62","Jonathan58@hotmail.com","17  11 2022"
"Madeline Sawayn","m","2854 Wilkinson Track","1961.89","Edwin.Ebert@yahoo.com","19  05 2023"
"Alton Kovacek","m","83627 Gerardo Inlet","593.96","Dexter.Legros@hotmail.com","24  03 2023"
"Nellie Carter III","f","8282 Pacocha Trafficway","1241.73","Jennifer20@yahoo.com","04  08 2022"
"Esther Kutch","f","216 Konopelski Glen","2484.52","Brenda36@yahoo.com","12  06 2023"
"Ernesto Cummerata","m","7452 Lamar Isle","1830.62","Mabel.Mertz@gmail.com","22  09 2022"
"Elaine Marvin","f","73833 White Common","2976.78","Hubert.Schroeder@yahoo.com","13  05 2023"
"Lucy Abernathy Jr.","f","1500 Cartwright Dam","1368.86","Jeremy_Rath@hotmail.com","01  10 2022"
"Essie Predovic","f","60306 Legros Light","1674.94","Alton.Runte@gmail.com","09  03 2023"
"Ida Kuvalis","f","531 Hessel Place","626.59","Joel40@gmail.com","26  10 2022"
"Amos Spinka","f","3051 Estevan Mills","2645.39","Ervin73@yahoo.com","13  01 2023"
"Casey Purdy","m","45371 Bednar Causeway","276.97","Oscar.Ziemann@yahoo.com","03  12 2023"
"Fernando Beahan","f","98126 Layne Canyon","532.44","Bobby_Kunde80@gmail.com","20  08 2023"
"Nancy Kling","f","534 Nash Manors","2290.11","Lorraine68@gmail.com","11  10 2022"
"Dr. Hattie Oberbrunner","m","5205 Deontae Roads","1918.06","Kent_Kutch@gmail.com","16  04 2023"
"Cornelius Kutch Sr.","f","2304 Hessel Fords","2525.90","Jason38@yahoo.com","09  09 2023"
"Kellie Dickens","f","1012 Schoen Trace","510.78","Jasmine45@gmail.com","03  08 2023"
"Joy Mante","f","8838 Herzog Valley","868.60","Moses.Lehner57@gmail.com","03  08 2022"
"Roosevelt Kub-Runte","m","9386 Sandy Garden","2416.42","Dixie_Hickle41@yahoo.com","13  08 2023"
"Sam Nolan","f","6708 Ralph Pike","967.22","Ricardo_Morissette16@gmail.com","16  08 2022"
"Colin Mertz","m","29768 Flo Fork","800.48","Ora62@hotmail.com","07  06 2023"
"Harvey Hilll","f","206 Hannah Forges","2999.37","Frances66@gmail.com","01  02 2023"
"Catherine Ledner-Weimann","m","305 Jamar Mills","108.25","Raquel_Mante-Schultz@gmail.com","31  08 2022"
"Samuel Davis","f","893 Bosco Trafficway","2293.72","Karla.Runte61@yahoo.com","28  08 2022"
"Dr. Rex Hoeger-Bins","f","9776 Burnice Route","68.70","Philip_Ziemann61@hotmail.com","16  12 2022"
"Essie Lemke","m","538 King Glens","2248.73","Russell_Aufderhar@gmail.com","03  04 2023"
"Erika McCullough","m","3499 Adelia Wall","2565.02","Terry18@hotmail.com","27  10 2023"
"Dr. Lisa Welch","f","56086 Prosacco Stravenue","1541.16","Andrea_Jacobson@gmail.com","08  07 2023"
"Bonnie Corwin","m","3137 Hintz Grove","1442.74","Olga_King64@hotmail.com","24  01 2023"
"Tommy Klein","m","5762 America Fields","1256.61","Deborah_Mueller0@gmail.com","15  10 2022"
"Tammy Bechtelar PhD","f","576 Terry Ridges","2731.04","Elijah_Huels27@gmail.com","09  09 2023"
"Mr. Roberto Block","f","13993 Candida Forest","763.81","Jody_Haag1@hotmail.com","31  12 2023"
"Ollie Bruen","m","6085 Brekke Pine","2180.78","Kristy76@yahoo.com","01  12 2022"
"Clifford Zieme","f","1875 Bauch Ways","2752.70","Wilson.Hamill@gmail.com","09  10 2022"
"Ms. Whitney Bauch","m","5199 Charles Springs","1289.26","Bert61@yahoo.com","17  11 2022"
"Cory Cassin","m","408 Emanuel Courts","1839.43","Wanda.Veum@gmail.com","05  09 2022"
"Kenneth Johnson DDS","m","1659 Bernadette Terrace","2010.26","Jan_Spinka72@yahoo.com","26  10 2023"
"Wilma Connelly","f","33453 Schaefer Forges","465.26","Salvador.Purdy3@hotmail.com","16  09 2022"
"Brandi Kulas","m","3801 Dangelo Hills","1548.42","Kathy.Parker40@yahoo.com","05  01 2023"
"Rebecca Bins","m","495 Rosa Square","282.76","Clarence6@yahoo.com","30  11 2022"
"Joy Ullrich","m","749 Cremin Centers","2530.30","Angela40@gmail.com","27  04 2023"
"Noah Wolf","m","3840 Frances Meadows","671.19","Isabel.Kutch@yahoo.com","04  08 2023"
"Jessica Ledner","m","5350 Ruecker Drives","524.60","Forrest_Cremin69@gmail.com","03  02 2023"
"Marta Streich","f","364 Doyle Passage","2407.10","Beth_Powlowski44@yahoo.com","02  05 2023"
"Elsie Senger","f","5494 Fae Ville","1257.93","Marsha14@gmail.com","25  11 2023"
"Ervin Bradtke","f","427 Williamson Union","1719.94","Stephen_Farrell35@hotmail.com","15  04 2023"
"Abraham Aufderhar","f","45161 McCullough Course","2213.30","Lydia.Watsica99@yahoo.com","02  09 2023"
"Mr. Earnest Kuhlman","m","26402 Deontae Pines","1335.23","Shawn27@yahoo.com","30  11 2022"
"Mr. Bobby Davis","m","750 Feil Summit","476.30","Richard_Wiza7@hotmail.com","08  12 2023"
"Dr. Eula West","m","93485 Dino Lights","176.78","Marty_Emmerich40@gmail.com","21  10 2022"
"Emma Greenfelder","f","64789 Elisabeth Club","826.66","Ralph.Quigley63@gmail.com","08  09 2023"
"Stella Beatty IV","m","220 Carleton Valleys","2127.81","Angelo_Kilback@gmail.com","15  09 2022"
"Miss Juanita Dare","f","25075 Kautzer Vista","2633.60","Salvador20@yahoo.com","28  10 2022"
"Carol Schoen-Blanda","f","32700 Gusikowski Field","1603.97","Ernestine60@gmail.com","20  05 2023"
"Mr. Ignacio Feest DVM","m","72538 Stamm Flats","849.82","Anne77@hotmail.com","26  10 2022"
"Mr. Lee Hessel","m","215 Corwin Isle","1220.46","Kristen_Marquardt19@hotmail.com","29  08 2022"
"Faith Jast-Jacobi","m","7818 Bria Village","1035.17","Karl74@hotmail.com","01  01 2024"
"Elias Towne","m","85748 Timmothy Manors","1564.61","Andy.Schultz67@yahoo.com","04  02 2023"
"Hope Runolfsdottir","f","42721 Eula Meadow","2016.49","Charlotte.Walker68@yahoo.com","30  01 2023"
"Harriet Lind","f","9283 Pacocha Roads","1796.81","Elisa.Kris49@hotmail.com","26  10 2023"
"Ms. Edna Huels","m","4427 Streich Shore","1744.73","Brett16@yahoo.com","01  08 2023"
"Mrs. Margie Rutherford","m","8866 Roscoe Circles","2900.39","Celia_Goyette63@gmail.com","03  01 2023"
"Beatrice Cruickshank","f","67545 Roberts Lights","1020.14","Rosie_Marquardt@yahoo.com","29  10 2023"
"Dixie Anderson","m","510 Feest Vista","1530.02","Judith61@gmail.com","07  10 2023"
"Carla Medhurst-Stoltenberg","m","705 Cartwright Mountains","2685.23","Lamar25@yahoo.com","30  09 2022"
"Miss Billie Sanford","m","7581 Rowe Glens","2324.28","Thelma60@hotmail.com","22  10 2023"
"Cristina Wintheiser","f","38242 River Plain","998.29","Matt.Kautzer@hotmail.com","01  09 2022"
"Deborah Toy","f","38194 Mariano Falls","1958.12","Lorena_Schroeder@yahoo.com","10  01 2023"
"Miss Lillie Metz","m","710 Mariano Crescent","907.19","Wilbur50@yahoo.com","27  12 2022"
"Austin Pfeffer","m","686 Liliane Valley","599.23","Laverne_Wintheiser81@gmail.com","15  01 2023"
"Stephanie Torphy","m","64217 Reggie Radial","617.13","Frederick96@yahoo.com","23  10 2023"
"Ellis Spinka","f","102 Brakus View","1207.32","Jerome_Conn71@yahoo.com","25  09 2023"
"Cynthia Connelly","m","8037 Upton Estate","315.62","Homer39@yahoo.com","04  12 2022"
"Mr. Kenneth Kulas","m","79381 Joanie Trafficway","774.10","Cora_Ledner@yahoo.com","28  02 2023"
"Brent Fisher","m","665 Rippin Meadows","166.06","Claude.Kulas25@yahoo.com","22  07 2023"
"Angie Leuschke","m","826 Devan Plains","2559.98","Anne73@gmail.com","04  05 2023"
"Guy Willms","m","8890 Fahey Village","2082.13","Willie_Goyette@yahoo.com","16  04 2023"
"Ron Turner Sr.","f","41303 Micah Points","2709.90","Krystal.Becker14@gmail.com","09  10 2023"
"Sandra Heathcote","m","598 Raheem Via","2939.06","Leland68@gmail.com","09  08 2022"
"Howard Schuster II","m","557 Franco Flats","605.89","Stella12@gmail.com","19  02 2023"
"Tabitha Hagenes","m","164 Nolan Station","1180.55","Darrel_Klocko@gmail.com","19  01 2023"
"Gayle Spencer","f","4826 Koepp Wells","2762.64","Earnest.Franey53@hotmail.com","30  03 2023"
"Darrell Reichel","m","60632 Moore Run","1908.44","Sandy6@gmail.com","08  05 2023"
"Alberto Pouros","f","15355 Padberg Ways","58.50","Tyler.Becker@hotmail.com","23  09 2023"
"Erin Considine DVM","m","3709 Franco Shoal","107.81","Ethel.Larkin65@hotmail.com","30  08 2023"
"Agnes Watsica","m","76102 Orn Port","464.80","Christy84@yahoo.com","17  04 2023"
"Teresa Braun DVM","m","290 Spinka Loaf","729.42","Martin29@gmail.com","25  12 2023"
"Kirk Johns","f","6153 Mertz Meadows","2973.83","Misty.Grant@yahoo.com","03  09 2023"
"Alice Simonis","m","39755 Odie Circles","717.18","Johnnie_Wiegand86@gmail.com","14  11 2023"
"Irma Marvin","f","4326 Grant Manors","1328.07","Erma_Witting@yahoo.com","01  08 2022"
"Dr. Darrell Huels","f","99140 Fermin Keys","2617.74","Ervin.Crooks23@hotmail.com","17  11 2022"
"Dr. Roberta Haag","f","103 Dean Gardens","2849.24","Pauline_Romaguera@hotmail.com","22  04 2023"
"Raul Feest III","m","447 Elvie Manors","2694.23","Tami68@hotmail.com","13  07 2023"
"Kathleen Heller","f","61996 Emely Way","578.29","Peter37@yahoo.com","02  09 2023"
"Alexis Mills","f","7584 Marks Terrace","653.02","Alberta81@yahoo.com","27  06 2023"
"Bruce Dooley","m","332 Wava Forges","1010.18","Aaron7@yahoo.com","15  11 2022"
"Mr. Kent Wiza","m","794 Heathcote Radial","1955.97","Cesar_Jaskolski26@yahoo.com","20  05 2023"
"Kay Goyette","f","90364 Lia Lakes","1365.59","Ruben.Crist60@gmail.com","19  11 2023"
"Shelia Ferry-Gorczany","f","775 Stanton Causeway","2360.87","Jane.Kunde@hotmail.com","15  07 2023"
"Armando Wilkinson","f","73532 Kshlerin Ford","1202.94","Jacqueline.Welch40@yahoo.com","24  09 2023"
"Joanne Hilpert","f","2602 Clinton Common","2861.77","Brandon64@hotmail.com","22  12 2022"
"Tim Auer","m","6266 Kuphal Meadow","170.19","Stuart_Johns18@hotmail.com","07  10 2023"
"Wallace Powlowski","m","25829 Carolyne Parkways","1029.21","Kevin12@yahoo.com","16  12 2023"
"Kenny Adams","f","9195 Davis Avenue","2294.61","Levi_Mueller@hotmail.com","02  10 2022"
"Percy Quigley","m","86007 Woodrow Points","1818.11","Jesse.Wolf1@hotmail.com","15  07 2023"
"Nancy Moen","m","476 Twila Lake","2521.47","Betsy_Welch@hotmail.com","10  10 2022"
"Cora Murphy","f","681 Beahan Harbor","935.53","Joan97@yahoo.com","20  08 2023"
"Opal Zboncak","f","8189 Prohaska Prairie","2747.03","Doris_Wiegand89@hotmail.com","12  08 2022"
"Aaron Larkin","m","3904 Shayne Village","120.37","Claudia93@yahoo.com","08  06 2023"
"Douglas Medhurst","f","9477 Durward Summit","1145.59","Rex_Kris@hotmail.com","29  09 2022"
"Cora Crooks","m","483 Gerlach Rest","1002.20","Robert_Dibbert0@gmail.com","01  03 2023"
"Maurice Keebler","m","851 Katrine Grove","2266.43","Hattie29@yahoo.com","26  03 2023"
"Olive Ward","m","29068 Boyer Forest","2093.68","Kyle.Brown@hotmail.com","10  09 2023"
"Ana Kiehn","m","33516 Watsica Alley","2541.31","Darlene.Simonis@gmail.com","04  12 2023"
"Anthony Stamm","m","48933 Filomena Port","1147.60","Winston_Kozey55@yahoo.com","26  08 2022"
"Erin Schinner","m","189 Novella Green","1544.07","Pam28@yahoo.com","14  09 2023"
"Rodolfo Cassin","m","471 Emard Alley","387.96","Renee_Kris57@hotmail.com","28  06 2023"
"Penny Hane","f","55086 Hollis Parks","2686.59","Della_Crona@hotmail.com","05  10 2023"
"Noah Graham","f","99812 Brittany Hill","729.21","Marsha.Renner94@yahoo.com","12  06 2023"
"Tommy Emard Sr.","m","98034 McCullough Place","154.91","Ruth_Mertz97@hotmail.com","30  11 2023"
"Stewart Borer","m","79051 Rolfson Parkways","2364.22","David.Kunde78@gmail.com","27  04 2023"
"Ms. Hilda Gorczany","m","327 Martina Estate","1949.64","Carolyn.Denesik@yahoo.com","19  03 2023"
"Alfredo Brekke","m","2736 Jeanie Viaduct","1584.80","Derrick.Walker@yahoo.com","24  11 2023"
"Willie Gerhold","m","62043 Windler Light","1421.98","Viola.Pollich@yahoo.com","08  09 2022"
"Courtney Muller","f","35584 Senger Village","2603.43","Troy_Kub@hotmail.com","27  03 2023"
"Orville Klocko","f","771 Parker Loaf","1189.29","Debra_Kuhn65@hotmail.com","24  08 2022"
"Abel Weber","f","36655 Christ Bypass","508.86","Emmett_Gusikowski19@hotmail.com","20  10 2022"
"Jamie Ziemann","m","707 Cartwright Rue","1756.71","Jimmie_Waters35@yahoo.com","22  01 2023"
"Judy Block","f","940 Susan Club","1950.85","Lawrence78@gmail.com","27  09 2022"
"Robin Macejkovic","m","20978 Miller Route","1534.40","Howard80@gmail.com","30  01 2023"
"Mrs. Amber Donnelly","f","651 Hagenes Haven","475.62","Claudia.Konopelski38@yahoo.com","24  07 2023"
"David Johns DDS","m","9997 Sipes Forge","2105.18","Marsha_Lemke57@yahoo.com","13  10 2023"
"Lawrence Becker","f","34485 Swift Underpass","56.30","Leo56@hotmail.com","27  02 2023"
"Luis Christiansen","m","44815 Reilly Ridge","1882.65","Oscar_Collier@gmail.com","09  09 2023"
"Jeffrey Reinger-Bins","f","3943 Estella Lights","2786.71","Maurice98@yahoo.com","30  03 2023"
"David Bauch-Ritchie","f","80430 West Orchard","1235.27","Gayle.Beahan-Brekke@yahoo.com","11  04 2023"
"Joanne Powlowski","f","386 Woodrow Center","2100.76","Richard_Hilll@yahoo.com","10  05 2023"
"James Rau","f","3982 Charles Points","1675.46","Elisa.Waelchi@hotmail.com","19  09 2023"
"Ollie Bosco","f","4549 Mireille Junction","1246.51","April88@yahoo.com","24  10 2022"
"Carolyn Smitham-Wilkinson","f","38003 Tristian Points","102.11","Simon.Towne56@yahoo.com","16  10 2023"
"Emmett Borer-Turner","f","40127 Katlyn Crossroad","639.14","Edmond3@gmail.com","11  09 2022"
"Lucas Hauck-Schuppe","f","6472 Providenci Ways","2829.67","Jessie_Kling@gmail.com","13  10 2023"
"Freddie Schuster","f","41251 Madonna Bypass","1807.06","Olive_Douglas4@gmail.com","01  10 2022"
"Sammy Zulauf","f","994 Xander Ferry","1854.83","Luz_Harvey@yahoo.com","26  08 2023"
"Mr. Darnell Pfeffer","f","640 Stanton Squares","2133.02","Sonia.Effertz38@yahoo.com","04  11 2022"
"Mr. Oscar Zboncak","m","2800 Bednar Motorway","2190.80","Violet.Weissnat@gmail.com","10  04 2023"
"Ellen Hilll","f","400 Bernie Wells","697.84","Clint13@gmail.com","11  07 2023"
"Antoinette Lebsack","f","3716 Leffler Lakes","2025.19","Harold.Corwin@yahoo.com","07  11 2022"
"Jeffery Kirlin V","f","8280 Erica Avenue","1318.93","Zachary_Kilback37@hotmail.com","26  10 2022"
"Dr. Tracy Kirlin","m","97297 Lebsack Neck","743.75","Spencer_Abernathy62@gmail.com","22  09 2022"
"Jeff Stark Sr.","f","39507 Welch Centers","18.12","Gerardo11@hotmail.com","31  10 2022"
"Frank Klein","f","376 Windler Wall","1591.84","Antonia_Doyle55@hotmail.com","04  08 2023"
"Terrence Johns","f","1473 Fadel Loaf","995.61","Damon94@gmail.com","10  07 2023"
"Brandy Crona","m","3301 Fay Turnpike","2436.26","Theresa_Dietrich@yahoo.com","31  01 2023"
"Silvia Olson-VonRueden","f","8470 Kutch Islands","858.28","Seth_Stark35@yahoo.com","29  10 2023"
"Karen Reilly","m","645 Eldora Knolls","537.14","Andy.Schmitt@hotmail.com","01  12 2022"
"Ann Bauch","f","44428 Willow Stream","1805.58","Monique_Brakus21@yahoo.com","15  05 2023"
"Cheryl Yost","f","897 Adolphus Greens","206.66","Miranda.Adams@gmail.com","09  09 2023"
"Dawn Schuster","m","784 Dickinson Freeway","1308.56","Cecilia_Krajcik@gmail.com","06  11 2022"
"Dr. Damon Kub","m","7964 Dallas Extensions","1418.94","Melody14@hotmail.com","18  12 2023"
"Donna Adams DDS","f","282 Henriette Avenue","1750.97","Janice66@yahoo.com","04  07 2023"
"Della Rolfson IV","f","55081 Stoltenberg Grove","1787.63","Myrtle78@gmail.com","31  05 2023"
"Armando Grant","m","6544 O'Connell Ways","1411.97","Douglas.Hauck@hotmail.com","27  07 2023"
"Allan Stark","m","86468 Osinski Shore","2792.98","Lynn33@yahoo.com","03  10 2022"
"Dr. Clay Larkin","m","96467 Johns Crest","937.17","Winston75@hotmail.com","26  01 2023"
"Robin Ledner III","m","1461 Percival Port","1299.76","Elisa.Greenholt96@hotmail.com","12  08 2022"
"Thelma Hamill","m","1818 Prosacco Street","2014.98","Jimmy_Schoen-Schoen13@hotmail.com","14  10 2023"
"Essie Hyatt","f","3153 Larson Fork","1086.49","Justin3@yahoo.com","30  07 2023"
"Matt Mohr","m","451 Adelle Fall","692.38","Grady70@hotmail.com","28  12 2023"
"Eric Daniel","f","38130 Corwin Pine","1121.37","Mindy.Brakus70@gmail.com","22  11 2022"
"Sandra Robel","m","177 Drake Run","926.07","Naomi_Wolf@hotmail.com","08  05 2023"
"Conrad Renner","m","47852 Austyn Turnpike","2635.34","Vickie_Purdy81@gmail.com","02  01 2023"
"Alfredo Franecki","m","53461 Adam Route","153.07","Salvador.Toy9@hotmail.com","15  09 2022"
"Jackie Greenholt","f","923 Satterfield Falls","1790.38","Dorothy_Olson26@yahoo.com","29  07 2023"
"Sandy Von","m","1740 Conroy Haven","1445.97","Roy30@gmail.com","22  01 2023"
"Debbie Aufderhar","f","225 Edd Rapids","15.54","Leslie95@gmail.com","31  08 2022"
"Elena McKenzie","m","761 Valerie Underpass","825.29","Erin40@yahoo.com","10  08 2022"
"Ora Glover","m","90346 Effertz Courts","962.40","Lawrence.Ziemann84@hotmail.com","14  04 2023"
"Meredith Wehner I","f","946 Baylee Gateway","1829.08","Bridget.Stanton@yahoo.com","29  11 2023"
"Dr. Allan Green","f","5445 Ward Rue","1626.72","Jeannie.Weimann@gmail.com","26  05 2023"
"Martin Harvey","f","7979 Jaskolski Path","105.84","Courtney.Johns@yahoo.com","01  10 2023"
"Miranda Dooley Sr.","m","523 Littel Groves","825.34","Kellie_Lind74@gmail.com","19  09 2023"
"Robyn Jacobi","f","20565 Toy Harbor","270.24","Isabel.Reichert@hotmail.com","27  08 2022"
"Daryl Renner DDS","m","90755 Fabian Ridges","923.94","Robin.Wiegand57@gmail.com","25  05 2023"
"Connie Treutel","f","217 Garrett Valleys","2807.64","Juanita_Terry@gmail.com","22  05 2023"
"Everett Cole","f","215 Rubye Ports","1318.87","Hattie.Green89@gmail.com","07  12 2023"
"Amos Denesik V","f","46691 Trace Island","938.38","Harold.Adams@yahoo.com","19  02 2023"
"Stuart Ratke","f","6433 Austyn Spur","373.34","Sheri6@gmail.com","20  09 2023"
"Kristy Crona","m","7529 Katrina Camp","2398.32","Cathy95@hotmail.com","18  02 2023"
"Robin O'Conner","m","654 Cartwright Pine","2785.79","Loretta_Ward66@gmail.com","08  03 2023"
"Gertrude Emard","f","9789 Geraldine Cape","256.82","Cora_Franecki38@gmail.com","03  10 2023"
"Allen VonRueden","m","839 Waldo Skyway","830.75","Billy_Buckridge71@gmail.com","24  06 2023"
"Susie Jerde-Sawayn","f","36263 Fritsch Points","2167.83","Tim24@yahoo.com","04  05 2023"
"Leo Koch","f","28826 Kyleigh Passage","949.32","Kim66@gmail.com","23  12 2023"
"Nathaniel Jakubowski","f","33314 Harris Gardens","2694.91","Tammy52@hotmail.com","01  04 2023"
"Horace Hand","f","92304 Lottie Fort","145.42","Walter_Ankunding@gmail.com","27  10 2022"
"Raul Ferry MD","m","70280 D'Amore Hills","2158.99","Jaime39@gmail.com","19  06 2023"
"Jeannie Wisoky MD","m","21757 Alexandrine Trail","568.92","Chester87@yahoo.com","31  12 2022"
"Juana Schoen","f","2834 Edwin Knoll","1283.83","Patsy77@gmail.com","27  12 2023"
"Tim Runolfsdottir","f","66137 Wade Springs","1155.56","Alison.Pfeffer5@hotmail.com","28  11 2022"
"Dr. Stanley Cremin","m","9928 Gabriella Summit","543.17","Diana.Waters@yahoo.com","26  06 2023"
"Janice Kemmer","f","31910 Name Mountain","952.95","Lola43@hotmail.com","30  11 2023"
"Melody Sipes","f","2684 Cullen Trace","1161.37","Opal_Bechtelar@yahoo.com","27  08 2022"
"Sabrina Herzog","m","51583 Mraz Fall","1302.42","Jesse.Thompson@gmail.com","15  09 2022"
"Ted Rippin","f","78560 Fern Brook","1140.98","Gregg_Johnston32@gmail.com","17  06 2023"
"Dr. Ervin Grant","f","8168 Alanis Common","1422.34","Elena.Donnelly41@yahoo.com","22  08 2022"
"Shawn Braun","m","4611 Ursula Mill","2183.67","Lyle.Halvorson@yahoo.com","27  07 2023"
"Tommy Kirlin","f","257 Maiya Skyway","770.89","Francis.Dickens94@gmail.com","30  08 2022"
"Harriet Dibbert","f","84148 Charley Via","2599.73","Shelia93@yahoo.com","17  03 2023"
"Woodrow Blanda","f","404 Samson Extension","828.59","Lola_McClure53@gmail.com","14  05 2023"
"Melanie Rippin-Schowalter","m","243 Emard Circle","497.59","Terrence10@yahoo.com","21  11 2022"
"Roger Buckridge","m","2105 Grady Corners","1143.94","Lori.Toy-Johns95@gmail.com","05  08 2022"
"Luke Graham-Pouros","f","2094 Hills Lodge","510.56","Myra_Haag-Hahn58@gmail.com","18  10 2022"
"Ms. Gwen Kiehn","m","370 Hartmann Corner","846.77","Darin54@hotmail.com","10  07 2023"
"Ignacio Reynolds","f","752 Keeling Fort","544.46","Douglas_Turner@hotmail.com","04  06 2023"
"Glen Altenwerth","m","30043 Price Club","827.10","Ernest.Bosco@yahoo.com","19  08 2022"
"Johnnie Nicolas","m","716 Sarah Branch","2332.35","Florence63@gmail.com","25  09 2023"
"Mr. Drew Collier","m","482 Barton Ridge","133.65","Billy_Kozey@yahoo.com","22  04 2023"
"Cornelius Kutch","m","5082 Morar Brooks","689.22","Janis49@hotmail.com","23  08 2023"
"Mindy Sipes","f","4806 Grimes Field","762.30","Woodrow_Nolan29@yahoo.com","05  05 2023"
"Mr. Blake Kreiger","f","7009 Corkery Greens","2661.69","Tabitha.Abshire@yahoo.com","01  05 2023"
"Duane Beier","m","473 Collins Fort","1017.62","Nicolas95@yahoo.com","13  11 2022"
"Deanna Daniel","f","4707 Sauer Locks","1060.48","Joy.Stiedemann-Dicki@hotmail.com","12  10 2023"
"Lee Muller","f","723 Brown Camp","1243.25","Bryan_Bailey24@gmail.com","13  11 2023"
"Neal Sauer","f","13153 Feest Rapids","1598.04","Ella_Zemlak90@gmail.com","17  03 2023"
"Salvador Roberts","m","9693 Tad Shoal","2398.75","Benny.Osinski11@hotmail.com","29  06 2023"
"Mr. Wesley Ratke","f","38262 Pearline Ville","170.68","Earnest.Feest45@hotmail.com","28  06 2023"
"Geneva Walsh","m","811 Ethelyn Mount","331.67","Omar.Lowe@yahoo.com","13  11 2022"
"Ms. Elaine Osinski Sr.","f","5955 Jasmin Garden","408.75","Lucia_Bahringer@hotmail.com","16  04 2023"
"Dr. Lester Schoen","m","93413 Jovan Ramp","1213.47","Ramiro73@gmail.com","06  09 2023"
"Arthur Beier","m","6378 Queenie Mills","682.87","Walter.Morar11@gmail.com","20  05 2023"
"Ella Littel DVM","f","84273 Rogahn Manors","2368.53","Dixie.Schultz53@hotmail.com","23  08 2023"
"Charles Howell","m","501 Lesch Ferry","2533.47","Jamie49@gmail.com","13  10 2023"
"Carol Lindgren","f","71608 Hermann Valleys","2494.14","Calvin_Reinger82@gmail.com","05  10 2022"
"Vernon Christiansen","f","690 Missouri Shore","342.19","Dominick_Mills39@gmail.com","01  12 2023"
"Tina Raynor","f","52736 Cade Forest","585.23","Lindsay5@hotmail.com","13  04 2023"
"Noah Lehner","m","13286 Gleichner Course","958.68","Rolando.Littel@hotmail.com","20  10 2023"
"Dr. Danny Konopelski","m","5913 Schroeder River","434.07","Bethany_MacGyver@gmail.com","28  04 2023"
"William Ullrich","m","95102 Lizeth Square","1594.74","Lillie24@hotmail.com","17  06 2023"
"Charlotte McClure","m","91400 Janiya Throughway","2161.96","Rick_Gibson55@gmail.com","13  09 2023"
"Floyd Wyman","m","187 Jazmyne Drives","2927.21","Kim_Hettinger88@yahoo.com","20  09 2022"
"Tomas Reichel","m","9353 Ritchie Coves","1769.18","Max.Johnston78@hotmail.com","25  12 2022"
"Bradford Graham","m","79835 Rogahn Parkways","2845.29","Jessie37@gmail.com","20  01 2023"
"April Toy","m","43337 Nikki Ports","2605.82","Ronnie_Brown@gmail.com","16  09 2023"
"Miss Sonia Harber","f","184 Cristian Green","1748.67","Winston_Tromp96@yahoo.com","03  07 2023"
"Herbert Douglas","f","8797 Ellsworth Rest","1003.79","Minnie_Kulas@gmail.com","17  12 2022"
"Sabrina Thiel","m","3665 Klein Islands","2286.48","Terrance39@hotmail.com","17  10 2022"
"Irma Rempel","m","42918 Harris Points","1249.46","Brent.Windler-Ryan@hotmail.com","07  11 2022"
"Jeffrey Kling","f","2515 Lemke Harbor","2021.20","Harry.Jast@yahoo.com","18  06 2023"
"Lamar Jacobs","f","3238 Walter Streets","811.83","Derrick.Sauer49@hotmail.com","06  12 2023"
"Dr. Raquel Lind","m","208 Bogan Forest","1205.48","Brent.Daugherty9@yahoo.com","17  12 2022"
"Edmund Hartmann","f","167 Cruickshank Mountain","880.24","Rex.Stamm43@hotmail.com","21  01 2023"
"Cameron Hilpert","m","89226 Melany Throughway","83.44","Stephen71@yahoo.com","05  11 2022"
"Cameron Ruecker","m","4190 Okey Park","334.47","Rachael_Roberts69@gmail.com","13  08 2022"
"Mr. Wayne Davis-Leuschke","f","5038 Osinski Knoll","1720.13","Alyssa.Heller@gmail.com","16  03 2023"
"Ruth Abbott","m","1877 Koss Lake","728.66","Phyllis.Parisian@gmail.com","22  06 2023"
"Enrique Carroll","m","21468 Fae Parkway","515.16","Johnnie.Harris@hotmail.com","03  06 2023"
"Susan Volkman","m","110 Hackett Brooks","2403.62","Elvira99@hotmail.com","08  10 2022"
"Adrienne Botsford Sr.","f","94420 Moen Greens","2905.55","Flora_Murphy@hotmail.com","15  10 2022"
"Mr. Arturo Sporer","f","1188 Kreiger Courts","2941.76","Earnest62@hotmail.com","30  09 2023"
"Mr. Willis Cummerata","m","507 Arthur Pine","1486.21","Wade.Goodwin@gmail.com","11  06 2023"
"Barbara Hane","f","564 Chaya Underpass","1824.12","Bobby.Howell14@yahoo.com","03  11 2023"
"Miss Tasha Klocko","f","869 Kuhic Centers","1907.77","Kelvin_Johnston@gmail.com","18  12 2023"
"Eleanor Steuber","m","9464 Lauretta Meadow","1822.72","Harry89@yahoo.com","25  08 2023"
"Amy Johnson","f","56565 Kade Lake","1979.18","Edmond40@gmail.com","28  11 2023"
"Leland Stoltenberg","f","93903 Robel Causeway","2886.55","Shaun.Schneider@gmail.com","24  12 2023"
"Noah Jacobson MD","f","3907 Sanford Fall","390.97","Virgil72@hotmail.com","09  05 2023"
"Bob Reichert","f","736 Brisa Shore","974.29","Thomas.Thiel56@yahoo.com","26  11 2022"
"Cecelia Senger","m","5913 Hessel Fork","1722.85","Aubrey.Klein44@yahoo.com","31  07 2023"
"Duane Von","m","3253 Borer Glens","1608.91","Percy_Leannon@gmail.com","10  08 2023"
"Bridget Howell","f","250 Sipes Overpass","622.68","May.Pfannerstill5@gmail.com","21  09 2023"
"Angel Gulgowski","m","239 Laverne Row","1735.70","Brett_Powlowski@yahoo.com","10  04 2023"
"Damon Predovic","f","72778 Lily Mills","1804.87","Alvin.Kuhn26@yahoo.com","28  11 2022"
"Lucas Corkery","m","7832 Zulauf Lock","2641.99","Whitney_Kohler86@yahoo.com","03  12 2023"
"Lonnie Senger","f","3834 Sylvia Valley","1513.95","Genevieve_Barrows59@hotmail.com","02  02 2023"
"Irene Doyle","f","637 Megane Track","1882.30","Malcolm81@hotmail.com","15  12 2022"
"Miss Judith Zieme II","m","7175 Hegmann Forest","115.85","Enrique.Effertz@yahoo.com","04  08 2022"
"Mercedes Hansen","m","5465 Wisozk Road","1241.52","Jan_Yost98@hotmail.com","07  02 2023"
"Frank Anderson","m","1673 Simonis Extension","1009.46","Jake.Rutherford-Will@hotmail.com","19  03 2023"
"Dr. Benny Schowalter","m","184 Herman Cliffs","2208.53","Regina_Hudson@hotmail.com","02  09 2023"
"Bill Yost","m","8214 Cierra Mount","2305.43","Guy.Smith53@gmail.com","20  03 2023"
"Terence Altenwerth","m","67667 Kaci Knolls","1613.99","Lester35@hotmail.com","16  12 2022"
"Mr. Nicholas Huel V","m","82057 Mose Freeway","2169.28","Michelle.Morar@hotmail.com","06  08 2022"
"Sonja Dare","m","1815 Dickens Inlet","2999.65","Norman.Jerde@yahoo.com","11  01 2023"
"Elisa McDermott","m","8050 Cali Row","204.89","Eugene_Turner97@gmail.com","21  10 2022"
"Saul Williamson","f","79255 Ashtyn Motorway","184.39","Mable73@hotmail.com","22  03 2023"
"Alberto Kuhn-Bernier MD","f","4173 Leda Mountain","2999.57","Sara_Connelly22@hotmail.com","07  01 2023"
"Virgil Altenwerth-Emard","m","79164 Bernhard Overpass","74.87","Lee.Fay@hotmail.com","29  07 2023"
"Wade Abbott-Robel","m","942 Schowalter Knoll","290.50","Yolanda_Dickinson@gmail.com","23  12 2023"
"Ellen Thiel","m","3458 Georgiana Harbor","2876.15","Maurice.Shields6@yahoo.com","03  11 2023"
"Dr. Judith Schmitt","m","96798 Bruce Trafficway","1364.10","Della_Koelpin@yahoo.com","29  08 2022"
"Dr. Lloyd Medhurst","f","108 Lynch Forges","2988.84","Henrietta.Cassin@yahoo.com","08  03 2023"
"Mr. Ken Stroman V","m","85015 Anne Shore","808.75","Adrienne97@hotmail.com","17  08 2022"
"Sally Cummerata","f","553 Elyse Cape","2534.07","Garry81@gmail.com","16  08 2023"
"Lloyd Harvey","m","7511 Block Crossing","2906.38","Sergio33@hotmail.com","22  07 2023"
"Kelley Ledner Jr.","f","28312 Rolfson Knoll","1093.51","Kenneth.Cronin@yahoo.com","22  04 2023"
"Elbert McGlynn","f","770 Glen Walks","2455.91","Martin.Hagenes@yahoo.com","22  10 2022"
"Iris Marquardt","f","72517 Kunde Divide","1930.85","Rafael_King97@yahoo.com","10  06 2023"
"Christian Trantow","m","75198 Jacobs Trail","1470.54","Larry.Walker7@yahoo.com","16  01 2023"
"Lora Jacobs","f","547 Evelyn Groves","2604.40","Toni.Greenholt63@yahoo.com","25  10 2022"
"Yvonne Fisher","f","9822 Mraz Groves","2063.13","Cory5@yahoo.com","15  12 2023"
"Ramon Williamson","f","69579 Brett Stream","547.50","Henrietta_Smith@hotmail.com","26  04 2023"
"Sheldon Buckridge","m","59579 Gillian Course","1035.49","Kelley_Baumbach@gmail.com","29  11 2022"
"Violet Nikolaus DVM","f","9128 Shanny Ports","1607.08","Paul_Bosco40@gmail.com","31  10 2023"
"Dr. Randolph Hills","f","33381 Fadel Branch","1869.01","Sidney.Cartwright93@yahoo.com","15  11 2022"
"Amelia O'Hara","f","996 Armstrong Centers","951.58","Jenny_Bednar@yahoo.com","15  12 2023"
"Kristopher Koss MD","m","6611 Hardy Prairie","1136.72","Irvin_Rath61@hotmail.com","17  01 2023"
"Christy Fisher","f","66505 Elvera Junctions","822.18","Roland.Kozey26@hotmail.com","04  11 2022"
"Daryl Parisian","f","5939 Fred Unions","672.80","Stewart.Ward98@yahoo.com","19  06 2023"
"Pedro Green-Farrell","f","147 Rolfson Union","1228.13","Lucia_OKeefe87@hotmail.com","21  12 2023"
"Kerry Simonis","f","920 Adaline Common","177.28","Forrest.Mills43@yahoo.com","01  09 2022"
"Ms. Sadie Ferry","f","40739 Hailee Curve","2480.22","Mandy.Bahringer28@yahoo.com","15  09 2022"
"Samantha Hammes","f","65091 Dickens Crescent","1837.80","Betsy58@yahoo.com","13  08 2023"
"Connie Lynch","m","2331 O'Hara Pine","2905.58","Pablo.Weimann@gmail.com","16  10 2022"
"Kerry Stehr","m","728 Marie Underpass","1687.37","Stephen94@yahoo.com","03  04 2023"
"Karl Ruecker","m","68554 Grimes Court","1856.65","Vernon.Schneider@gmail.com","12  12 2023"
"Tracy Prosacco","m","35616 Brown Hills","1640.13","Gordon_Volkman62@gmail.com","06  02 2023"
"Cora Ullrich","m","949 Lebsack Drives","1982.29","Flora_Hagenes52@hotmail.com","07  11 2023"
"Tabitha Kiehn","m","610 Daugherty Corners","1241.84","Terrence.Satterfield89@yahoo.com","18  11 2022"
"Clara Spencer","m","5412 Senger Port","1000.19","Spencer_Walsh15@yahoo.com","10  09 2023"
"Francis Bergnaum","m","409 Jacobi Underpass","132.36","Taylor86@gmail.com","22  01 2023"
"Tracy Little Sr.","m","749 Swaniawski Corner","2286.30","Janice_Blick59@hotmail.com","26  07 2023"
"Irvin Lueilwitz","m","6408 Schaefer Oval","84.86","Delbert_Berge10@gmail.com","05  06 2023"
"Alfredo O'Connell","m","3855 Frederic Knoll","794.10","Julie.Rogahn-Walsh@hotmail.com","08  08 2022"
"Colleen Herman","f","540 Schoen Dale","13.99","Dorothy.Bosco86@hotmail.com","04  06 2023"
"Jeanette Schaden-Jacobs","f","4908 Schinner Heights","1439.71","Ginger_Haag18@gmail.com","10  08 2022"
"John Padberg","m","43547 Bergstrom Ports","602.72","Billie_Breitenberg@gmail.com","25  10 2023"
"Penny Rowe","m","2229 Caden Harbors","83.43","Ivan_Shields@gmail.com","02  10 2022"
"Pete Larson","f","384 Murphy Land","213.78","Wilson.Buckridge@gmail.com","25  11 2023"
"Diane Hagenes I","f","597 Corkery Fields","1720.86","Caroline43@hotmail.com","12  02 2023"
"Larry Roob","f","91440 Beier Way","409.51","Alexandra.Kunze@hotmail.com","13  12 2022"
"Dr. Enrique Dickinson Sr.","m","325 Schumm Haven","738.85","Loren_Cassin@hotmail.com","16  01 2023"
"Cristina Spinka","f","612 Carroll Fords","640.33","Marian_Bernier72@gmail.com","26  12 2023"
"Ernest Medhurst","m","7997 Bashirian Lake","552.23","Dwight_Hartmann@yahoo.com","10  12 2023"
"Garry Rogahn","m","902 Kihn Run","2070.24","Wade.Weimann27@gmail.com","25  10 2023"
"Claude Rogahn","m","8028 Durgan Court","854.87","Debbie90@gmail.com","09  08 2022"
"Dr. Wanda Feest","f","9028 Kade Walk","2393.99","Nelson.McCullough5@gmail.com","23  08 2022"
"Mr. Anthony Johnson","m","554 Legros Curve","2893.03","Devin.Aufderhar14@yahoo.com","18  04 2023"
"Alejandro Schamberger","f","54669 Bauch Expressway","1645.38","Janis87@hotmail.com","12  08 2022"
"Suzanne Lueilwitz","m","246 Daren Centers","1245.50","Luis_Kessler1@gmail.com","25  09 2023"
"Sophia Pfeffer","m","10050 Becker Neck","1930.01","Amy.Miller@gmail.com","12  10 2022"
"Sylvester Heathcote","f","2366 Jordyn Harbor","223.48","Brenda.Botsford58@hotmail.com","12  11 2023"
"Cornelius Kerluke","f","15148 Bartell Parkway","2767.04","Marie_Hessel@hotmail.com","10  12 2023"
"Erica Renner","m","99950 Sherwood Coves","2416.26","Jackie44@gmail.com","07  08 2022"
"Ted Ullrich","f","36976 Hudson Ports","1633.55","Omar60@yahoo.com","16  09 2023"
"Ben Russel","m","6011 Doyle Port","2333.73","Nora85@gmail.com","22  08 2023"
"Lee Weissnat","f","527 Carlo Coves","438.04","Johnathan30@gmail.com","22  06 2023"
"Al Dicki Sr.","f","36546 Francisco Prairie","759.03","Irene34@hotmail.com","29  10 2022"
"Otis Treutel","m","3166 White Fall","1239.53","Bethany.Hills4@hotmail.com","04  08 2022"
"Leona Hahn V","f","60084 Arielle Trace","1747.78","Javier_Krajcik@yahoo.com","01  09 2022"
"Dr. Albert Dibbert","m","9977 Eleanore Spurs","753.09","Angelina29@gmail.com","27  06 2023"
"Joshua Funk MD","f","83691 Dannie Creek","2531.03","Katherine.Grimes@hotmail.com","15  09 2022"
"Kevin Rosenbaum","f","36619 Blair Island","2782.64","Caroline26@hotmail.com","09  09 2022"
"Byron Grimes","m","7023 Gerhold Court","2940.37","Sam_Smitham@gmail.com","24  09 2022"
"Cedric Grant","m","5820 Cecelia Station","738.48","Krista.Schmeler@hotmail.com","14  01 2023"
"Edward Senger V","f","7081 Stracke Center","876.93","Jessie_Harvey-Rodriguez30@yahoo.com","29  08 2022"
"Brendan Corwin Jr.","m","45746 Kris Ways","578.55","Carrie.Cassin@yahoo.com","17  07 2023"
"Jeremiah Oberbrunner Sr.","m","2469 Jade Burg","248.33","Lucas88@yahoo.com","10  09 2022"
"Max Hammes","f","624 Shanahan Forest","2832.78","Della77@gmail.com","15  01 2023"
"Larry Gerlach","f","85616 Bogisich Pines","912.15","Conrad.Blick66@gmail.com","24  11 2022"
"Larry Kozey","m","23518 Scarlett Lake","184.81","Jennifer_OConnell-Wiegand79@gmail.com","27  01 2023"
"Kristine Mitchell","m","69071 Bauch Parks","2533.51","Matthew82@yahoo.com","06  11 2023"
"Doyle Mueller","f","7115 Sasha Gateway","2073.00","Sheldon_Dach9@yahoo.com","20  01 2023"
"Judith Ritchie","m","765 Nathan Brooks","432.54","Penny38@gmail.com","21  01 2023"
"Penny Spinka","f","11134 Spinka Manor","1579.88","Eula33@gmail.com","18  10 2023"
"Jana Keeling-Effertz Jr.","f","3746 Katrine Via","1141.81","Constance85@yahoo.com","27  11 2022"
"Lucille Quitzon","m","65086 Jimmy Meadows","25.83","Hector.Franey17@hotmail.com","31  05 2023"
"Mr. Ernest Schaden III","f","33399 Cassin Orchard","1084.67","Rebecca90@yahoo.com","07  09 2023"
"Sheila Hermiston-Goldner","f","8747 Lockman Crossing","2218.56","Randolph_Littel8@yahoo.com","16  02 2023"
"Salvatore Christiansen","f","426 Rolfson Burg","995.45","Martin_Franey9@gmail.com","07  02 2023"
"Shannon Thompson","m","87818 Clair Key","2347.70","Andrew.Little@hotmail.com","12  01 2023"
"Joan Ortiz","m","480 Fletcher Prairie","597.23","Freddie3@yahoo.com","19  10 2023"
"Julian Leffler","f","6402 Barrows Parkways","1111.31","Carol_Hahn@gmail.com","18  09 2023"
"Manuel Lockman","f","8808 Loy Plaza","2845.79","Karla.Metz@hotmail.com","18  07 2023"
"Judy Wilkinson-Borer","f","6542 Prohaska Gateway","2794.04","Ernest.Will47@gmail.com","22  05 2023"
"Dr. Lester Kunze","m","8864 Leuschke Knolls","2234.31","Emmett_Stracke60@hotmail.com","16  11 2022"
"Miss Cristina Senger Sr.","f","432 Lela Trace","1965.51","Irvin.Hills@gmail.com","21  12 2022"
"Robert Bergnaum PhD","m","46472 Kemmer Way","1962.10","Darrell.Hyatt@hotmail.com","16  08 2022"
"Hubert Marks","m","2378 Kassulke Plains","2652.81","Santiago.Haag@yahoo.com","26  08 2022"
"Domingo Jakubowski","f","70489 Elizabeth River","2404.42","Jesus43@hotmail.com","03  04 2023"
"Roberta Homenick","m","31302 Hudson Courts","586.75","Melvin_Leffler80@yahoo.com","28  12 2023"
"Mrs. Jaime Hane V","m","83094 Cummerata Hill","1642.65","Ginger.Cummings@gmail.com","27  12 2022"
"Manuel Keeling","m","808 Lemke Mews","1661.84","Kay.Smitham44@hotmail.com","15  08 2023"
"Ignacio Pollich","f","7493 Raphaelle Spring","478.70","Viola_Franecki@hotmail.com","10  09 2023"
"Dr. Theodore Kirlin","m","3815 Russel Lakes","747.80","Jorge_Barton32@hotmail.com","27  10 2023"
"Ms. Hattie Pacocha","f","98887 Daniel Shoal","1323.64","Dana7@gmail.com","05  08 2023"
"Shannon Brekke MD","m","6766 Meaghan Haven","1781.22","Leroy_Upton-Johnston18@gmail.com","08  09 2022"
"Kay Kulas","f","25513 Miller Center","248.33","Al.Haley@yahoo.com","11  10 2022"
"Flora Ullrich","m","38940 Julie Cove","1755.12","Shannon.Bartell-Kuhic@yahoo.com","29  09 2022"
"Steven Lockman","m","389 Mertz Plains","2433.03","Darrell_Becker96@hotmail.com","27  10 2023"
"Mr. Brett Bogan","m","132 Luettgen Dale","1817.82","Ruth.Hilll@yahoo.com","13  07 2023"
"Sadie Hegmann","f","92213 Schaefer Isle","1090.46","Joshua10@hotmail.com","30  11 2023"
"Iris Bartell","m","716 Streich Pike","2225.07","Molly49@yahoo.com","07  12 2022"
"Brittany Kuhn-Langosh","m","19101 Pacocha Wells","666.34","Cheryl_Rippin@hotmail.com","28  06 2023"
"Rufus Rodriguez","f","934 Schimmel Road","1844.70","Elsa.Bogisich-Adams16@gmail.com","25  11 2022"
"Kari Hahn","f","68863 Dietrich Unions","1676.55","Darrel.Collins31@gmail.com","16  04 2023"
"Amy Tromp","m","473 Elza Underpass","1449.43","Toni45@yahoo.com","18  09 2022"
"Mr. Johnny Wolf","m","65131 Hermiston Radial","637.15","Kellie22@hotmail.com","15  10 2022"
"Paulette Smitham","f","330 Kasandra Locks","1418.14","Drew17@gmail.com","18  07 2023"
"Larry Hegmann","m","61870 Jaskolski Oval","2313.57","Beth.Kemmer67@gmail.com","20  12 2022"
"Marvin Kuhlman","f","19508 Dickens Ports","2572.33","Micheal33@yahoo.com","29  10 2022"
"Perry Beer","m","587 Arvel Shore","2370.08","Jeffery.Kub@yahoo.com","24  07 2023"
"Joy Runolfsson","m","8704 Alycia Stravenue","1131.83","Rosemary68@gmail.com","06  04 2023"
"Amanda Boyle","f","669 Kling Gateway","2867.86","Brent_Schinner@gmail.com","12  11 2022"
"Tasha Luettgen","f","708 Lesch Circles","989.41","Ray_Wolf64@gmail.com","29  03 2023"
"Rufus Wehner","m","849 Rolfson Viaduct","576.98","Lorene5@yahoo.com","31  10 2023"
"Wilfred Toy III","m","4371 Veda Meadows","1285.25","Douglas.Bayer@gmail.com","03  04 2023"
"Earl Kutch","f","32698 Georgette Circle","347.16","Jim.Zemlak88@gmail.com","20  08 2022"
"Bernard Hane-Lueilwitz","m","8317 Blanda Mews","1585.98","Henry_Kirlin@hotmail.com","27  09 2023"
"Phil Schiller","m","4835 Wuckert Fork","705.76","Johnathan.Bartoletti88@hotmail.com","10  10 2022"
"Rudolph Schulist","f","749 Sandrine Plain","1200.15","Julius80@gmail.com","01  04 2023"
"Brandi Barton","f","8197 Darrion Shores","2533.78","Dexter_Schoen56@yahoo.com","22  12 2023"
"Roman Champlin","m","829 Franey Crescent","2793.23","Lori_Leuschke@hotmail.com","03  08 2022"
"Kristen Baumbach","f","531 Geo Lane","1662.05","Fred_Bruen@hotmail.com","14  09 2022"
"Glen Feest","m","71774 Willow Junction","186.75","Gilberto81@yahoo.com","24  07 2023"
"Heather Nader","m","5948 West Stravenue","481.24","Ted_Wintheiser74@yahoo.com","16  08 2023"
"Pat Rowe","m","823 Tyler Harbor","2924.00","Barry_Bauch9@hotmail.com","17  12 2022"
"Dr. Whitney Breitenberg","f","80560 Armstrong Forge","1138.19","Thelma_Ebert@yahoo.com","23  01 2023"
"Bennie Rau","m","2372 Linnea Gardens","2162.07","Pauline.Champlin@gmail.com","01  01 2023"
"Cody Orn","f","451 Lowe Parkways","1866.76","Olga96@gmail.com","08  09 2022"
"Vicki Schinner","m","721 Matilde Shore","2216.70","Shannon.Hauck@hotmail.com","11  08 2023"
"Gina Lowe","f","73309 Romaguera Burg","2823.63","Wilma_OConnell@yahoo.com","03  01 2023"
"Jamie Hessel II","f","878 Ernesto Highway","2064.90","Karen.Wiza@yahoo.com","13  11 2023"